affix,agent,concept,concept_base,concept_translation,direction,direction_base,direction_translation,gloss,mode,mode_base,mode_translation,object,object_base,object_translation,patient,person,preverb,preverb_base,preverb_translation,subject,subject_base,subject_translation,tense,tense_base,tense_translation,text,text_breakdown,text_label,verb,verb_base,verb_translation,verb_type
-,,VAI3'NONE,____yiwa    | ê-____yit ,4th Person acting,animate_intransitive,-,Someone acting,prsNONEwâpiVAI3',ind,-,Independent,NONE,-,,,3,NONE,mahkikway preverb,no preverb,3',John okosisa,4th Person,prs,-,present,wâpiyiwa,__wâpi_yiwa,concept_spelling_verb_concept,wâpiVAI,wâpi,see,VAI
-,,VAI3'NONE,____yiwa    | ê-____yit ,4th Person acting,animate_intransitive,-,Someone acting,prsNONEwaniskaVAI3',ind,-,Independent,NONE,-,,,3,NONE,mahkikway preverb,no preverb,3',John okosisa,4th Person,prs,-,present,waniskayiwa,__waniska_yiwa,concept_spelling_verb_concept,waniskaVAI,waniska,wake up,VAI
-,,VAI3'NONE,____yiwa    | ê-____yit ,4th Person acting,animate_intransitive,-,Someone acting,prsNONEtapasiVAI3',ind,-,Independent,NONE,-,,,3,NONE,mahkikway preverb,no preverb,3',John okosisa,4th Person,prs,-,present,tapasiyiwa,__tapasi_yiwa,concept_spelling_verb_concept,tapasiVAI,tapasi,run away,VAI
-,,VAI3'NONE,____yiwa    | ê-____yit ,4th Person acting,animate_intransitive,-,Someone acting,prsNONEpimipahtaVAI3',ind,-,Independent,NONE,-,,,3,NONE,mahkikway preverb,no preverb,3',John okosisa,4th Person,prs,-,present,pimipahtayiwa,__pimipahta_yiwa,concept_spelling_verb_concept,pimipahtaVAI,pimipahta,run,VAI
-,,VAI3'NONE,____yiwa    | ê-____yit ,4th Person acting,animate_intransitive,-,Someone acting,prsNONEnipaVAI3',ind,-,Independent,NONE,-,,,3,NONE,mahkikway preverb,no preverb,3',John okosisa,4th Person,prs,-,present,nipayiwa,__nipa_yiwa,concept_spelling_verb_concept,nipaVAI,nipa,sleep,VAI
-,,VAI3'NONE,____yiwa    | ê-____yit ,4th Person acting,animate_intransitive,-,Someone acting,prsNONEnipawiVAI3',ind,-,Independent,NONE,-,,,3,NONE,mahkikway preverb,no preverb,3',John okosisa,4th Person,prs,-,present,nipawiyiwa,__nipawi_yiwa,concept_spelling_verb_concept,nipawiVAI,nipawi,stand,VAI
-,,VAI3'NONE,____yiwa    | ê-____yit ,4th Person acting,animate_intransitive,-,Someone acting,prsNONEnanâskomoVAI3',ind,-,Independent,NONE,-,,,3,NONE,mahkikway preverb,no preverb,3',John okosisa,4th Person,prs,-,present,nanâskomoyiwa,__nanâskomo_yiwa,concept_spelling_verb_concept,nanâskomoVAI,nanâskomo,be grateful,VAI
-,,VAI3'NONE,____yiwa    | ê-____yit ,4th Person acting,animate_intransitive,-,Someone acting,prsNONEmîcisoVAI3',ind,-,Independent,NONE,-,,,3,NONE,mahkikway preverb,no preverb,3',John okosisa,4th Person,prs,-,present,mîcisoyiwa,__mîciso_yiwa,concept_spelling_verb_concept,mîcisoVAI,mîciso,eat,VAI
-,,VAI3'NONE,____yiwa    | ê-____yit ,4th Person acting,animate_intransitive,-,Someone acting,prsNONEmêtawêVAI3',ind,-,Independent,NONE,-,,,3,NONE,mahkikway preverb,no preverb,3',John okosisa,4th Person,prs,-,present,mêtawêyiwa,__mêtawê_yiwa,concept_spelling_verb_concept,mêtawêVAI,mêtawê,play,VAI
-,,VAI3'NONE,____yiwa    | ê-____yit ,4th Person acting,animate_intransitive,-,Someone acting,prsNONEkwayaskwâtisiVAI3',ind,-,Independent,NONE,-,,,3,NONE,mahkikway preverb,no preverb,3',John okosisa,4th Person,prs,-,present,kwayaskwâtisiyiwa,__kwayaskwâtisi_yiwa,concept_spelling_verb_concept,kwayaskwâtisiVAI,kwayaskwâtisi,be honest,VAI
-,,VAI3'NONE,____yiwa    | ê-____yit ,4th Person acting,animate_intransitive,-,Someone acting,prsNONEitohteVAI3',ind,-,Independent,NONE,-,,,3,NONE,mahkikway preverb,no preverb,3',John okosisa,4th Person,prs,-,present,itohteyiwa,__itohte_yiwa,concept_spelling_verb_concept,itohteVAI,itohte,go,VAI
-,,VAI3'NONE,____yiwa    | ê-____yit ,4th Person acting,animate_intransitive,-,Someone acting,prsNONEapiVAI3',ind,-,Independent,NONE,-,,,3,NONE,mahkikway preverb,no preverb,3',John okosisa,4th Person,prs,-,present,apiyiwa,__api_yiwa,concept_spelling_verb_concept,apiVAI,api,sit,VAI
-,,VAI3'NONE,____yiwa    | ê-____yit ,4th Person acting,animate_intransitive,-,Someone acting,conj_prefprsNONEwâpiVAI3',conj,-,Conjunct,NONE,-,,,,NONE,mahkikway preverb,no preverb,3',John okosisa,4th Person,prs,-,present,ê-wâpiyit,ê-__wâpi_yit,concept_spelling_verb_concept,wâpiVAI,wâpi,see,VAI
-,,VAI3'NONE,____yiwa    | ê-____yit ,4th Person acting,animate_intransitive,-,Someone acting,conj_prefprsNONEwaniskaVAI3',conj,-,Conjunct,NONE,-,,,,NONE,mahkikway preverb,no preverb,3',John okosisa,4th Person,prs,-,present,ê-waniskayit,ê-__waniska_yit,concept_spelling_verb_concept,waniskaVAI,waniska,wake up,VAI
-,,VAI3'NONE,____yiwa    | ê-____yit ,4th Person acting,animate_intransitive,-,Someone acting,conj_prefprsNONEtapasiVAI3',conj,-,Conjunct,NONE,-,,,,NONE,mahkikway preverb,no preverb,3',John okosisa,4th Person,prs,-,present,ê-tapasiyit,ê-__tapasi_yit,concept_spelling_verb_concept,tapasiVAI,tapasi,run away,VAI
-,,VAI3'NONE,____yiwa    | ê-____yit ,4th Person acting,animate_intransitive,-,Someone acting,conj_prefprsNONEpimipahtaVAI3',conj,-,Conjunct,NONE,-,,,,NONE,mahkikway preverb,no preverb,3',John okosisa,4th Person,prs,-,present,ê-pimipahtayit,ê-__pimipahta_yit,concept_spelling_verb_concept,pimipahtaVAI,pimipahta,run,VAI
-,,VAI3'NONE,____yiwa    | ê-____yit ,4th Person acting,animate_intransitive,-,Someone acting,conj_prefprsNONEnipaVAI3',conj,-,Conjunct,NONE,-,,,,NONE,mahkikway preverb,no preverb,3',John okosisa,4th Person,prs,-,present,ê-nipayit,ê-__nipa_yit,concept_spelling_verb_concept,nipaVAI,nipa,sleep,VAI
-,,VAI3'NONE,____yiwa    | ê-____yit ,4th Person acting,animate_intransitive,-,Someone acting,conj_prefprsNONEnipawiVAI3',conj,-,Conjunct,NONE,-,,,,NONE,mahkikway preverb,no preverb,3',John okosisa,4th Person,prs,-,present,ê-nipawiyit,ê-__nipawi_yit,concept_spelling_verb_concept,nipawiVAI,nipawi,stand,VAI
-,,VAI3'NONE,____yiwa    | ê-____yit ,4th Person acting,animate_intransitive,-,Someone acting,conj_prefprsNONEnanâskomoVAI3',conj,-,Conjunct,NONE,-,,,,NONE,mahkikway preverb,no preverb,3',John okosisa,4th Person,prs,-,present,ê-nanâskomoyit,ê-__nanâskomo_yit,concept_spelling_verb_concept,nanâskomoVAI,nanâskomo,be grateful,VAI
-,,VAI3'NONE,____yiwa    | ê-____yit ,4th Person acting,animate_intransitive,-,Someone acting,conj_prefprsNONEmîcisoVAI3',conj,-,Conjunct,NONE,-,,,,NONE,mahkikway preverb,no preverb,3',John okosisa,4th Person,prs,-,present,ê-mîcisoyit,ê-__mîciso_yit,concept_spelling_verb_concept,mîcisoVAI,mîciso,eat,VAI
-,,VAI3'NONE,____yiwa    | ê-____yit ,4th Person acting,animate_intransitive,-,Someone acting,conj_prefprsNONEmêtawêVAI3',conj,-,Conjunct,NONE,-,,,,NONE,mahkikway preverb,no preverb,3',John okosisa,4th Person,prs,-,present,ê-mêtawêyit,ê-__mêtawê_yit,concept_spelling_verb_concept,mêtawêVAI,mêtawê,play,VAI
-,,VAI3'NONE,____yiwa    | ê-____yit ,4th Person acting,animate_intransitive,-,Someone acting,conj_prefprsNONEkwayaskwâtisiVAI3',conj,-,Conjunct,NONE,-,,,,NONE,mahkikway preverb,no preverb,3',John okosisa,4th Person,prs,-,present,ê-kwayaskwâtisiyit,ê-__kwayaskwâtisi_yit,concept_spelling_verb_concept,kwayaskwâtisiVAI,kwayaskwâtisi,be honest,VAI
-,,VAI3'NONE,____yiwa    | ê-____yit ,4th Person acting,animate_intransitive,-,Someone acting,conj_prefprsNONEitohteVAI3',conj,-,Conjunct,NONE,-,,,,NONE,mahkikway preverb,no preverb,3',John okosisa,4th Person,prs,-,present,ê-itohteyit,ê-__itohte_yit,concept_spelling_verb_concept,itohteVAI,itohte,go,VAI
-,,VAI3'NONE,____yiwa    | ê-____yit ,4th Person acting,animate_intransitive,-,Someone acting,conj_prefprsNONEapiVAI3',conj,-,Conjunct,NONE,-,,,,NONE,mahkikway preverb,no preverb,3',John okosisa,4th Person,prs,-,present,ê-apiyit,ê-__api_yit,concept_spelling_verb_concept,apiVAI,api,sit,VAI
-,,VAI3PLNONE,____wak     | ê-____cik ,Plural She/He acting,animate_intransitive,-,Someone acting,prsNONEwâpiVAI3PL,ind,-,Independent,NONE,-,,,3,NONE,mahkikway preverb,no preverb,3PL,wiyawâw,Plural She/He,prs,-,present,wâpiwak,__wâpi_wak,concept_spelling_verb_concept,wâpiVAI,wâpi,see,VAI
-,,VAI3PLNONE,____wak     | ê-____cik ,Plural She/He acting,animate_intransitive,-,Someone acting,prsNONEwaniskaVAI3PL,ind,-,Independent,NONE,-,,,3,NONE,mahkikway preverb,no preverb,3PL,wiyawâw,Plural She/He,prs,-,present,waniskawak,__waniska_wak,concept_spelling_verb_concept,waniskaVAI,waniska,wake up,VAI
-,,VAI3PLNONE,____wak     | ê-____cik ,Plural She/He acting,animate_intransitive,-,Someone acting,prsNONEtapasiVAI3PL,ind,-,Independent,NONE,-,,,3,NONE,mahkikway preverb,no preverb,3PL,wiyawâw,Plural She/He,prs,-,present,tapasiwak,__tapasi_wak,concept_spelling_verb_concept,tapasiVAI,tapasi,run away,VAI
-,,VAI3PLNONE,____wak     | ê-____cik ,Plural She/He acting,animate_intransitive,-,Someone acting,prsNONEpimipahtaVAI3PL,ind,-,Independent,NONE,-,,,3,NONE,mahkikway preverb,no preverb,3PL,wiyawâw,Plural She/He,prs,-,present,pimipahtawak,__pimipahta_wak,concept_spelling_verb_concept,pimipahtaVAI,pimipahta,run,VAI
-,,VAI3PLNONE,____wak     | ê-____cik ,Plural She/He acting,animate_intransitive,-,Someone acting,prsNONEnipaVAI3PL,ind,-,Independent,NONE,-,,,3,NONE,mahkikway preverb,no preverb,3PL,wiyawâw,Plural She/He,prs,-,present,nipawak,__nipa_wak,concept_spelling_verb_concept,nipaVAI,nipa,sleep,VAI
-,,VAI3PLNONE,____wak     | ê-____cik ,Plural She/He acting,animate_intransitive,-,Someone acting,prsNONEnipawiVAI3PL,ind,-,Independent,NONE,-,,,3,NONE,mahkikway preverb,no preverb,3PL,wiyawâw,Plural She/He,prs,-,present,nipawiwak,__nipawi_wak,concept_spelling_verb_concept,nipawiVAI,nipawi,stand,VAI
-,,VAI3PLNONE,____wak     | ê-____cik ,Plural She/He acting,animate_intransitive,-,Someone acting,prsNONEnanâskomoVAI3PL,ind,-,Independent,NONE,-,,,3,NONE,mahkikway preverb,no preverb,3PL,wiyawâw,Plural She/He,prs,-,present,nanâskomowak,__nanâskomo_wak,concept_spelling_verb_concept,nanâskomoVAI,nanâskomo,be grateful,VAI
-,,VAI3PLNONE,____wak     | ê-____cik ,Plural She/He acting,animate_intransitive,-,Someone acting,prsNONEmîcisoVAI3PL,ind,-,Independent,NONE,-,,,3,NONE,mahkikway preverb,no preverb,3PL,wiyawâw,Plural She/He,prs,-,present,mîcisowak,__mîciso_wak,concept_spelling_verb_concept,mîcisoVAI,mîciso,eat,VAI
-,,VAI3PLNONE,____wak     | ê-____cik ,Plural She/He acting,animate_intransitive,-,Someone acting,prsNONEmêtawêVAI3PL,ind,-,Independent,NONE,-,,,3,NONE,mahkikway preverb,no preverb,3PL,wiyawâw,Plural She/He,prs,-,present,mêtawêwak,__mêtawê_wak,concept_spelling_verb_concept,mêtawêVAI,mêtawê,play,VAI
-,,VAI3PLNONE,____wak     | ê-____cik ,Plural She/He acting,animate_intransitive,-,Someone acting,prsNONEkwayaskwâtisiVAI3PL,ind,-,Independent,NONE,-,,,3,NONE,mahkikway preverb,no preverb,3PL,wiyawâw,Plural She/He,prs,-,present,kwayaskwâtisiwak,__kwayaskwâtisi_wak,concept_spelling_verb_concept,kwayaskwâtisiVAI,kwayaskwâtisi,be honest,VAI
-,,VAI3PLNONE,____wak     | ê-____cik ,Plural She/He acting,animate_intransitive,-,Someone acting,prsNONEitohteVAI3PL,ind,-,Independent,NONE,-,,,3,NONE,mahkikway preverb,no preverb,3PL,wiyawâw,Plural She/He,prs,-,present,itohtewak,__itohte_wak,concept_spelling_verb_concept,itohteVAI,itohte,go,VAI
-,,VAI3PLNONE,____wak     | ê-____cik ,Plural She/He acting,animate_intransitive,-,Someone acting,prsNONEapiVAI3PL,ind,-,Independent,NONE,-,,,3,NONE,mahkikway preverb,no preverb,3PL,wiyawâw,Plural She/He,prs,-,present,apiwak,__api_wak,concept_spelling_verb_concept,apiVAI,api,sit,VAI
-,,VAI3PLNONE,____wak     | ê-____cik ,Plural She/He acting,animate_intransitive,-,Someone acting,conj_prefprsNONEwâpiVAI3PL,conj,-,Conjunct,NONE,-,,,,NONE,mahkikway preverb,no preverb,3PL,wiyawâw,Plural She/He,prs,-,present,ê-wâpicik,ê-__wâpi_cik,concept_spelling_verb_concept,wâpiVAI,wâpi,see,VAI
-,,VAI3PLNONE,____wak     | ê-____cik ,Plural She/He acting,animate_intransitive,-,Someone acting,conj_prefprsNONEwaniskaVAI3PL,conj,-,Conjunct,NONE,-,,,,NONE,mahkikway preverb,no preverb,3PL,wiyawâw,Plural She/He,prs,-,present,ê-waniskacik,ê-__waniska_cik,concept_spelling_verb_concept,waniskaVAI,waniska,wake up,VAI
-,,VAI3PLNONE,____wak     | ê-____cik ,Plural She/He acting,animate_intransitive,-,Someone acting,conj_prefprsNONEtapasiVAI3PL,conj,-,Conjunct,NONE,-,,,,NONE,mahkikway preverb,no preverb,3PL,wiyawâw,Plural She/He,prs,-,present,ê-tapasicik,ê-__tapasi_cik,concept_spelling_verb_concept,tapasiVAI,tapasi,run away,VAI
-,,VAI3PLNONE,____wak     | ê-____cik ,Plural She/He acting,animate_intransitive,-,Someone acting,conj_prefprsNONEpimipahtaVAI3PL,conj,-,Conjunct,NONE,-,,,,NONE,mahkikway preverb,no preverb,3PL,wiyawâw,Plural She/He,prs,-,present,ê-pimipahtacik,ê-__pimipahta_cik,concept_spelling_verb_concept,pimipahtaVAI,pimipahta,run,VAI
-,,VAI3PLNONE,____wak     | ê-____cik ,Plural She/He acting,animate_intransitive,-,Someone acting,conj_prefprsNONEnipaVAI3PL,conj,-,Conjunct,NONE,-,,,,NONE,mahkikway preverb,no preverb,3PL,wiyawâw,Plural She/He,prs,-,present,ê-nipacik,ê-__nipa_cik,concept_spelling_verb_concept,nipaVAI,nipa,sleep,VAI
-,,VAI3PLNONE,____wak     | ê-____cik ,Plural She/He acting,animate_intransitive,-,Someone acting,conj_prefprsNONEnipawiVAI3PL,conj,-,Conjunct,NONE,-,,,,NONE,mahkikway preverb,no preverb,3PL,wiyawâw,Plural She/He,prs,-,present,ê-nipawicik,ê-__nipawi_cik,concept_spelling_verb_concept,nipawiVAI,nipawi,stand,VAI
-,,VAI3PLNONE,____wak     | ê-____cik ,Plural She/He acting,animate_intransitive,-,Someone acting,conj_prefprsNONEnanâskomoVAI3PL,conj,-,Conjunct,NONE,-,,,,NONE,mahkikway preverb,no preverb,3PL,wiyawâw,Plural She/He,prs,-,present,ê-nanâskomocik,ê-__nanâskomo_cik,concept_spelling_verb_concept,nanâskomoVAI,nanâskomo,be grateful,VAI
-,,VAI3PLNONE,____wak     | ê-____cik ,Plural She/He acting,animate_intransitive,-,Someone acting,conj_prefprsNONEmîcisoVAI3PL,conj,-,Conjunct,NONE,-,,,,NONE,mahkikway preverb,no preverb,3PL,wiyawâw,Plural She/He,prs,-,present,ê-mîcisocik,ê-__mîciso_cik,concept_spelling_verb_concept,mîcisoVAI,mîciso,eat,VAI
-,,VAI3PLNONE,____wak     | ê-____cik ,Plural She/He acting,animate_intransitive,-,Someone acting,conj_prefprsNONEmêtawêVAI3PL,conj,-,Conjunct,NONE,-,,,,NONE,mahkikway preverb,no preverb,3PL,wiyawâw,Plural She/He,prs,-,present,ê-mêtawêcik,ê-__mêtawê_cik,concept_spelling_verb_concept,mêtawêVAI,mêtawê,play,VAI
-,,VAI3PLNONE,____wak     | ê-____cik ,Plural She/He acting,animate_intransitive,-,Someone acting,conj_prefprsNONEkwayaskwâtisiVAI3PL,conj,-,Conjunct,NONE,-,,,,NONE,mahkikway preverb,no preverb,3PL,wiyawâw,Plural She/He,prs,-,present,ê-kwayaskwâtisicik,ê-__kwayaskwâtisi_cik,concept_spelling_verb_concept,kwayaskwâtisiVAI,kwayaskwâtisi,be honest,VAI
-,,VAI3PLNONE,____wak     | ê-____cik ,Plural She/He acting,animate_intransitive,-,Someone acting,conj_prefprsNONEitohteVAI3PL,conj,-,Conjunct,NONE,-,,,,NONE,mahkikway preverb,no preverb,3PL,wiyawâw,Plural She/He,prs,-,present,ê-itohtecik,ê-__itohte_cik,concept_spelling_verb_concept,itohteVAI,itohte,go,VAI
-,,VAI3PLNONE,____wak     | ê-____cik ,Plural She/He acting,animate_intransitive,-,Someone acting,conj_prefprsNONEapiVAI3PL,conj,-,Conjunct,NONE,-,,,,NONE,mahkikway preverb,no preverb,3PL,wiyawâw,Plural She/He,prs,-,present,ê-apicik,ê-__api_cik,concept_spelling_verb_concept,apiVAI,api,sit,VAI
-,,VAI2PLNONE,ki____nâwâw | ê-____yek  | ____k     ,Plural You acting,animate_intransitive,-,Someone acting,prsNONEwâpiVAI2PL,ind,-,Independent,NONE,-,,,2,NONE,mahkikway preverb,no preverb,2PL,kiyanâwâw,Plural You,prs,-,present,kiwâpinâwâw,ki__wâpi_nâwâw,concept_spelling_verb_concept,wâpiVAI,wâpi,see,VAI
-,,VAI2PLNONE,ki____nâwâw | ê-____yek  | ____k     ,Plural You acting,animate_intransitive,-,Someone acting,prsNONEwaniskaVAI2PL,ind,-,Independent,NONE,-,,,2,NONE,mahkikway preverb,no preverb,2PL,kiyanâwâw,Plural You,prs,-,present,kiwaniskanâwâw,ki__waniska_nâwâw,concept_spelling_verb_concept,waniskaVAI,waniska,wake up,VAI
-,,VAI2PLNONE,ki____nâwâw | ê-____yek  | ____k     ,Plural You acting,animate_intransitive,-,Someone acting,prsNONEtapasiVAI2PL,ind,-,Independent,NONE,-,,,2,NONE,mahkikway preverb,no preverb,2PL,kiyanâwâw,Plural You,prs,-,present,kitapasinâwâw,ki__tapasi_nâwâw,concept_spelling_verb_concept,tapasiVAI,tapasi,run away,VAI
-,,VAI2PLNONE,ki____nâwâw | ê-____yek  | ____k     ,Plural You acting,animate_intransitive,-,Someone acting,prsNONEpimipahtaVAI2PL,ind,-,Independent,NONE,-,,,2,NONE,mahkikway preverb,no preverb,2PL,kiyanâwâw,Plural You,prs,-,present,kipimipahtanâwâw,ki__pimipahta_nâwâw,concept_spelling_verb_concept,pimipahtaVAI,pimipahta,run,VAI
-,,VAI2PLNONE,ki____nâwâw | ê-____yek  | ____k     ,Plural You acting,animate_intransitive,-,Someone acting,prsNONEnipaVAI2PL,ind,-,Independent,NONE,-,,,2,NONE,mahkikway preverb,no preverb,2PL,kiyanâwâw,Plural You,prs,-,present,kinipanâwâw,ki__nipa_nâwâw,concept_spelling_verb_concept,nipaVAI,nipa,sleep,VAI
-,,VAI2PLNONE,ki____nâwâw | ê-____yek  | ____k     ,Plural You acting,animate_intransitive,-,Someone acting,prsNONEnipawiVAI2PL,ind,-,Independent,NONE,-,,,2,NONE,mahkikway preverb,no preverb,2PL,kiyanâwâw,Plural You,prs,-,present,kinipawinâwâw,ki__nipawi_nâwâw,concept_spelling_verb_concept,nipawiVAI,nipawi,stand,VAI
-,,VAI2PLNONE,ki____nâwâw | ê-____yek  | ____k     ,Plural You acting,animate_intransitive,-,Someone acting,prsNONEnanâskomoVAI2PL,ind,-,Independent,NONE,-,,,2,NONE,mahkikway preverb,no preverb,2PL,kiyanâwâw,Plural You,prs,-,present,kinanâskomonâwâw,ki__nanâskomo_nâwâw,concept_spelling_verb_concept,nanâskomoVAI,nanâskomo,be grateful,VAI
-,,VAI2PLNONE,ki____nâwâw | ê-____yek  | ____k     ,Plural You acting,animate_intransitive,-,Someone acting,prsNONEmîcisoVAI2PL,ind,-,Independent,NONE,-,,,2,NONE,mahkikway preverb,no preverb,2PL,kiyanâwâw,Plural You,prs,-,present,kimîcisonâwâw,ki__mîciso_nâwâw,concept_spelling_verb_concept,mîcisoVAI,mîciso,eat,VAI
-,,VAI2PLNONE,ki____nâwâw | ê-____yek  | ____k     ,Plural You acting,animate_intransitive,-,Someone acting,prsNONEmêtawêVAI2PL,ind,-,Independent,NONE,-,,,2,NONE,mahkikway preverb,no preverb,2PL,kiyanâwâw,Plural You,prs,-,present,kimêtawânâwâw,ki__mêtawâ_nâwâw,concept_spelling_verb_concept,mêtawêVAI,mêtawê,play,VAI
-,,VAI2PLNONE,ki____nâwâw | ê-____yek  | ____k     ,Plural You acting,animate_intransitive,-,Someone acting,prsNONEkwayaskwâtisiVAI2PL,ind,-,Independent,NONE,-,,,2,NONE,mahkikway preverb,no preverb,2PL,kiyanâwâw,Plural You,prs,-,present,kikwayaskwâtisinâwâw,ki__kwayaskwâtisi_nâwâw,concept_spelling_verb_concept,kwayaskwâtisiVAI,kwayaskwâtisi,be honest,VAI
-,,VAI2PLNONE,ki____nâwâw | ê-____yek  | ____k     ,Plural You acting,animate_intransitive,-,Someone acting,prsNONEitohteVAI2PL,ind,-,Independent,NONE,-,,,2,NONE,mahkikway preverb,no preverb,2PL,kiyanâwâw,Plural You,prs,-,present,kititohtenâwâw,ki_t_itohte_nâwâw,concept_spelling_verb_concept,itohteVAI,itohte,go,VAI
-,,VAI2PLNONE,ki____nâwâw | ê-____yek  | ____k     ,Plural You acting,animate_intransitive,-,Someone acting,prsNONEapiVAI2PL,ind,-,Independent,NONE,-,,,2,NONE,mahkikway preverb,no preverb,2PL,kiyanâwâw,Plural You,prs,-,present,kitapinâwâw,ki_t_api_nâwâw,concept_spelling_verb_concept,apiVAI,api,sit,VAI
-,,VAI2PLNONE,ki____nâwâw | ê-____yek  | ____k     ,Plural You acting,animate_intransitive,-,Someone acting,NONEwâpiVAIprs2PL,imp,-,Imperative,NONE,-,,,,NONE,mahkikway preverb,no preverb,2PL,kiyanâwâw,Plural You,prs,-,present,wâpik,_wâpi_k,preverb_verb_concept,wâpiVAI,wâpi,see,VAI
-,,VAI2PLNONE,ki____nâwâw | ê-____yek  | ____k     ,Plural You acting,animate_intransitive,-,Someone acting,NONEwaniskaVAIprs2PL,imp,-,Imperative,NONE,-,,,,NONE,mahkikway preverb,no preverb,2PL,kiyanâwâw,Plural You,prs,-,present,waniskak,_waniska_k,preverb_verb_concept,waniskaVAI,waniska,wake up,VAI
-,,VAI2PLNONE,ki____nâwâw | ê-____yek  | ____k     ,Plural You acting,animate_intransitive,-,Someone acting,NONEtapasiVAIprs2PL,imp,-,Imperative,NONE,-,,,,NONE,mahkikway preverb,no preverb,2PL,kiyanâwâw,Plural You,prs,-,present,tapasik,_tapasi_k,preverb_verb_concept,tapasiVAI,tapasi,run away,VAI
-,,VAI2PLNONE,ki____nâwâw | ê-____yek  | ____k     ,Plural You acting,animate_intransitive,-,Someone acting,NONEpimipahtaVAIprs2PL,imp,-,Imperative,NONE,-,,,,NONE,mahkikway preverb,no preverb,2PL,kiyanâwâw,Plural You,prs,-,present,pimipahtak,_pimipahta_k,preverb_verb_concept,pimipahtaVAI,pimipahta,run,VAI
-,,VAI2PLNONE,ki____nâwâw | ê-____yek  | ____k     ,Plural You acting,animate_intransitive,-,Someone acting,NONEnipaVAIprs2PL,imp,-,Imperative,NONE,-,,,,NONE,mahkikway preverb,no preverb,2PL,kiyanâwâw,Plural You,prs,-,present,nipak,_nipa_k,preverb_verb_concept,nipaVAI,nipa,sleep,VAI
-,,VAI2PLNONE,ki____nâwâw | ê-____yek  | ____k     ,Plural You acting,animate_intransitive,-,Someone acting,NONEnipawiVAIprs2PL,imp,-,Imperative,NONE,-,,,,NONE,mahkikway preverb,no preverb,2PL,kiyanâwâw,Plural You,prs,-,present,nipawik,_nipawi_k,preverb_verb_concept,nipawiVAI,nipawi,stand,VAI
-,,VAI2PLNONE,ki____nâwâw | ê-____yek  | ____k     ,Plural You acting,animate_intransitive,-,Someone acting,NONEnanâskomoVAIprs2PL,imp,-,Imperative,NONE,-,,,,NONE,mahkikway preverb,no preverb,2PL,kiyanâwâw,Plural You,prs,-,present,nanâskomok,_nanâskomo_k,preverb_verb_concept,nanâskomoVAI,nanâskomo,be grateful,VAI
-,,VAI2PLNONE,ki____nâwâw | ê-____yek  | ____k     ,Plural You acting,animate_intransitive,-,Someone acting,NONEmîcisoVAIprs2PL,imp,-,Imperative,NONE,-,,,,NONE,mahkikway preverb,no preverb,2PL,kiyanâwâw,Plural You,prs,-,present,mîcisok,_mîciso_k,preverb_verb_concept,mîcisoVAI,mîciso,eat,VAI
-,,VAI2PLNONE,ki____nâwâw | ê-____yek  | ____k     ,Plural You acting,animate_intransitive,-,Someone acting,NONEmêtawêVAIprs2PL,imp,-,Imperative,NONE,-,,,,NONE,mahkikway preverb,no preverb,2PL,kiyanâwâw,Plural You,prs,-,present,mêtawêk,_mêtawê_k,preverb_verb_concept,mêtawêVAI,mêtawê,play,VAI
-,,VAI2PLNONE,ki____nâwâw | ê-____yek  | ____k     ,Plural You acting,animate_intransitive,-,Someone acting,NONEkwayaskwâtisiVAIprs2PL,imp,-,Imperative,NONE,-,,,,NONE,mahkikway preverb,no preverb,2PL,kiyanâwâw,Plural You,prs,-,present,kwayaskwâtisik,_kwayaskwâtisi_k,preverb_verb_concept,kwayaskwâtisiVAI,kwayaskwâtisi,be honest,VAI
-,,VAI2PLNONE,ki____nâwâw | ê-____yek  | ____k     ,Plural You acting,animate_intransitive,-,Someone acting,NONEitohteVAIprs2PL,imp,-,Imperative,NONE,-,,,,NONE,mahkikway preverb,no preverb,2PL,kiyanâwâw,Plural You,prs,-,present,itohtek,_itohte_k,preverb_verb_concept,itohteVAI,itohte,go,VAI
-,,VAI2PLNONE,ki____nâwâw | ê-____yek  | ____k     ,Plural You acting,animate_intransitive,-,Someone acting,NONEapiVAIprs2PL,imp,-,Imperative,NONE,-,,,,NONE,mahkikway preverb,no preverb,2PL,kiyanâwâw,Plural You,prs,-,present,apik,_api_k,preverb_verb_concept,apiVAI,api,sit,VAI
-,,VAI2PLNONE,ki____nâwâw | ê-____yek  | ____k     ,Plural You acting,animate_intransitive,-,Someone acting,conj_prefprsNONEwâpiVAI2PL,conj,-,Conjunct,NONE,-,,,,NONE,mahkikway preverb,no preverb,2PL,kiyanâwâw,Plural You,prs,-,present,ê-wâpiyek,ê-__wâpi_yek,concept_spelling_verb_concept,wâpiVAI,wâpi,see,VAI
-,,VAI2PLNONE,ki____nâwâw | ê-____yek  | ____k     ,Plural You acting,animate_intransitive,-,Someone acting,conj_prefprsNONEwaniskaVAI2PL,conj,-,Conjunct,NONE,-,,,,NONE,mahkikway preverb,no preverb,2PL,kiyanâwâw,Plural You,prs,-,present,ê-waniskayek,ê-__waniska_yek,concept_spelling_verb_concept,waniskaVAI,waniska,wake up,VAI
-,,VAI2PLNONE,ki____nâwâw | ê-____yek  | ____k     ,Plural You acting,animate_intransitive,-,Someone acting,conj_prefprsNONEtapasiVAI2PL,conj,-,Conjunct,NONE,-,,,,NONE,mahkikway preverb,no preverb,2PL,kiyanâwâw,Plural You,prs,-,present,ê-tapasiyek,ê-__tapasi_yek,concept_spelling_verb_concept,tapasiVAI,tapasi,run away,VAI
-,,VAI2PLNONE,ki____nâwâw | ê-____yek  | ____k     ,Plural You acting,animate_intransitive,-,Someone acting,conj_prefprsNONEpimipahtaVAI2PL,conj,-,Conjunct,NONE,-,,,,NONE,mahkikway preverb,no preverb,2PL,kiyanâwâw,Plural You,prs,-,present,ê-pimipahtayek,ê-__pimipahta_yek,concept_spelling_verb_concept,pimipahtaVAI,pimipahta,run,VAI
-,,VAI2PLNONE,ki____nâwâw | ê-____yek  | ____k     ,Plural You acting,animate_intransitive,-,Someone acting,conj_prefprsNONEnipaVAI2PL,conj,-,Conjunct,NONE,-,,,,NONE,mahkikway preverb,no preverb,2PL,kiyanâwâw,Plural You,prs,-,present,ê-nipayek,ê-__nipa_yek,concept_spelling_verb_concept,nipaVAI,nipa,sleep,VAI
-,,VAI2PLNONE,ki____nâwâw | ê-____yek  | ____k     ,Plural You acting,animate_intransitive,-,Someone acting,conj_prefprsNONEnipawiVAI2PL,conj,-,Conjunct,NONE,-,,,,NONE,mahkikway preverb,no preverb,2PL,kiyanâwâw,Plural You,prs,-,present,ê-nipawiyek,ê-__nipawi_yek,concept_spelling_verb_concept,nipawiVAI,nipawi,stand,VAI
-,,VAI2PLNONE,ki____nâwâw | ê-____yek  | ____k     ,Plural You acting,animate_intransitive,-,Someone acting,conj_prefprsNONEnanâskomoVAI2PL,conj,-,Conjunct,NONE,-,,,,NONE,mahkikway preverb,no preverb,2PL,kiyanâwâw,Plural You,prs,-,present,ê-nanâskomoyek,ê-__nanâskomo_yek,concept_spelling_verb_concept,nanâskomoVAI,nanâskomo,be grateful,VAI
-,,VAI2PLNONE,ki____nâwâw | ê-____yek  | ____k     ,Plural You acting,animate_intransitive,-,Someone acting,conj_prefprsNONEmîcisoVAI2PL,conj,-,Conjunct,NONE,-,,,,NONE,mahkikway preverb,no preverb,2PL,kiyanâwâw,Plural You,prs,-,present,ê-mîcisoyek,ê-__mîciso_yek,concept_spelling_verb_concept,mîcisoVAI,mîciso,eat,VAI
-,,VAI2PLNONE,ki____nâwâw | ê-____yek  | ____k     ,Plural You acting,animate_intransitive,-,Someone acting,conj_prefprsNONEmêtawêVAI2PL,conj,-,Conjunct,NONE,-,,,,NONE,mahkikway preverb,no preverb,2PL,kiyanâwâw,Plural You,prs,-,present,ê-mêtawêyek,ê-__mêtawê_yek,concept_spelling_verb_concept,mêtawêVAI,mêtawê,play,VAI
-,,VAI2PLNONE,ki____nâwâw | ê-____yek  | ____k     ,Plural You acting,animate_intransitive,-,Someone acting,conj_prefprsNONEkwayaskwâtisiVAI2PL,conj,-,Conjunct,NONE,-,,,,NONE,mahkikway preverb,no preverb,2PL,kiyanâwâw,Plural You,prs,-,present,ê-kwayaskwâtisiyek,ê-__kwayaskwâtisi_yek,concept_spelling_verb_concept,kwayaskwâtisiVAI,kwayaskwâtisi,be honest,VAI
-,,VAI2PLNONE,ki____nâwâw | ê-____yek  | ____k     ,Plural You acting,animate_intransitive,-,Someone acting,conj_prefprsNONEitohteVAI2PL,conj,-,Conjunct,NONE,-,,,,NONE,mahkikway preverb,no preverb,2PL,kiyanâwâw,Plural You,prs,-,present,ê-itohteyek,ê-__itohte_yek,concept_spelling_verb_concept,itohteVAI,itohte,go,VAI
-,,VAI2PLNONE,ki____nâwâw | ê-____yek  | ____k     ,Plural You acting,animate_intransitive,-,Someone acting,conj_prefprsNONEapiVAI2PL,conj,-,Conjunct,NONE,-,,,,NONE,mahkikway preverb,no preverb,2PL,kiyanâwâw,Plural You,prs,-,present,ê-apiyek,ê-__api_yek,concept_spelling_verb_concept,apiVAI,api,sit,VAI
-,,VAI2INONE,ki____naw   | ê-____yahk | ____tân   ,Inclusive You & I (plural/singular) acting,animate_intransitive,-,Someone acting,prsNONEwâpiVAI2I,ind,-,Independent,NONE,-,,,2,NONE,mahkikway preverb,no preverb,2I,kiyanaw,Inclusive You & I (plural/singular),prs,-,present,kiwâpinaw,ki__wâpi_naw,concept_spelling_verb_concept,wâpiVAI,wâpi,see,VAI
-,,VAI2INONE,ki____naw   | ê-____yahk | ____tân   ,Inclusive You & I (plural/singular) acting,animate_intransitive,-,Someone acting,prsNONEwaniskaVAI2I,ind,-,Independent,NONE,-,,,2,NONE,mahkikway preverb,no preverb,2I,kiyanaw,Inclusive You & I (plural/singular),prs,-,present,kiwaniskanaw,ki__waniska_naw,concept_spelling_verb_concept,waniskaVAI,waniska,wake up,VAI
-,,VAI2INONE,ki____naw   | ê-____yahk | ____tân   ,Inclusive You & I (plural/singular) acting,animate_intransitive,-,Someone acting,prsNONEtapasiVAI2I,ind,-,Independent,NONE,-,,,2,NONE,mahkikway preverb,no preverb,2I,kiyanaw,Inclusive You & I (plural/singular),prs,-,present,kitapasinaw,ki__tapasi_naw,concept_spelling_verb_concept,tapasiVAI,tapasi,run away,VAI
-,,VAI2INONE,ki____naw   | ê-____yahk | ____tân   ,Inclusive You & I (plural/singular) acting,animate_intransitive,-,Someone acting,prsNONEpimipahtaVAI2I,ind,-,Independent,NONE,-,,,2,NONE,mahkikway preverb,no preverb,2I,kiyanaw,Inclusive You & I (plural/singular),prs,-,present,kipimipahtanaw,ki__pimipahta_naw,concept_spelling_verb_concept,pimipahtaVAI,pimipahta,run,VAI
-,,VAI2INONE,ki____naw   | ê-____yahk | ____tân   ,Inclusive You & I (plural/singular) acting,animate_intransitive,-,Someone acting,prsNONEnipaVAI2I,ind,-,Independent,NONE,-,,,2,NONE,mahkikway preverb,no preverb,2I,kiyanaw,Inclusive You & I (plural/singular),prs,-,present,kinipanaw,ki__nipa_naw,concept_spelling_verb_concept,nipaVAI,nipa,sleep,VAI
-,,VAI2INONE,ki____naw   | ê-____yahk | ____tân   ,Inclusive You & I (plural/singular) acting,animate_intransitive,-,Someone acting,prsNONEnipawiVAI2I,ind,-,Independent,NONE,-,,,2,NONE,mahkikway preverb,no preverb,2I,kiyanaw,Inclusive You & I (plural/singular),prs,-,present,kinipawinaw,ki__nipawi_naw,concept_spelling_verb_concept,nipawiVAI,nipawi,stand,VAI
-,,VAI2INONE,ki____naw   | ê-____yahk | ____tân   ,Inclusive You & I (plural/singular) acting,animate_intransitive,-,Someone acting,prsNONEnanâskomoVAI2I,ind,-,Independent,NONE,-,,,2,NONE,mahkikway preverb,no preverb,2I,kiyanaw,Inclusive You & I (plural/singular),prs,-,present,kinanâskomonaw,ki__nanâskomo_naw,concept_spelling_verb_concept,nanâskomoVAI,nanâskomo,be grateful,VAI
-,,VAI2INONE,ki____naw   | ê-____yahk | ____tân   ,Inclusive You & I (plural/singular) acting,animate_intransitive,-,Someone acting,prsNONEmîcisoVAI2I,ind,-,Independent,NONE,-,,,2,NONE,mahkikway preverb,no preverb,2I,kiyanaw,Inclusive You & I (plural/singular),prs,-,present,kimîcisonaw,ki__mîciso_naw,concept_spelling_verb_concept,mîcisoVAI,mîciso,eat,VAI
-,,VAI2INONE,ki____naw   | ê-____yahk | ____tân   ,Inclusive You & I (plural/singular) acting,animate_intransitive,-,Someone acting,prsNONEmêtawêVAI2I,ind,-,Independent,NONE,-,,,2,NONE,mahkikway preverb,no preverb,2I,kiyanaw,Inclusive You & I (plural/singular),prs,-,present,kimêtawânaw,ki__mêtawâ_naw,concept_spelling_verb_concept,mêtawêVAI,mêtawê,play,VAI
-,,VAI2INONE,ki____naw   | ê-____yahk | ____tân   ,Inclusive You & I (plural/singular) acting,animate_intransitive,-,Someone acting,prsNONEkwayaskwâtisiVAI2I,ind,-,Independent,NONE,-,,,2,NONE,mahkikway preverb,no preverb,2I,kiyanaw,Inclusive You & I (plural/singular),prs,-,present,kikwayaskwâtisinaw,ki__kwayaskwâtisi_naw,concept_spelling_verb_concept,kwayaskwâtisiVAI,kwayaskwâtisi,be honest,VAI
-,,VAI2INONE,ki____naw   | ê-____yahk | ____tân   ,Inclusive You & I (plural/singular) acting,animate_intransitive,-,Someone acting,prsNONEitohteVAI2I,ind,-,Independent,NONE,-,,,2,NONE,mahkikway preverb,no preverb,2I,kiyanaw,Inclusive You & I (plural/singular),prs,-,present,kititohtenaw,ki_t_itohte_naw,concept_spelling_verb_concept,itohteVAI,itohte,go,VAI
-,,VAI2INONE,ki____naw   | ê-____yahk | ____tân   ,Inclusive You & I (plural/singular) acting,animate_intransitive,-,Someone acting,prsNONEapiVAI2I,ind,-,Independent,NONE,-,,,2,NONE,mahkikway preverb,no preverb,2I,kiyanaw,Inclusive You & I (plural/singular),prs,-,present,kitapinaw,ki_t_api_naw,concept_spelling_verb_concept,apiVAI,api,sit,VAI
-,,VAI2INONE,ki____naw   | ê-____yahk | ____tân   ,Inclusive You & I (plural/singular) acting,animate_intransitive,-,Someone acting,NONEwâpiVAIprs2I,imp,-,Imperative,NONE,-,,,,NONE,mahkikway preverb,no preverb,2I,kiyanaw,Inclusive You & I (plural/singular),prs,-,present,wâpitân,_wâpi_tân,preverb_verb_concept,wâpiVAI,wâpi,see,VAI
-,,VAI2INONE,ki____naw   | ê-____yahk | ____tân   ,Inclusive You & I (plural/singular) acting,animate_intransitive,-,Someone acting,NONEwaniskaVAIprs2I,imp,-,Imperative,NONE,-,,,,NONE,mahkikway preverb,no preverb,2I,kiyanaw,Inclusive You & I (plural/singular),prs,-,present,waniskatân,_waniska_tân,preverb_verb_concept,waniskaVAI,waniska,wake up,VAI
-,,VAI2INONE,ki____naw   | ê-____yahk | ____tân   ,Inclusive You & I (plural/singular) acting,animate_intransitive,-,Someone acting,NONEtapasiVAIprs2I,imp,-,Imperative,NONE,-,,,,NONE,mahkikway preverb,no preverb,2I,kiyanaw,Inclusive You & I (plural/singular),prs,-,present,tapasitân,_tapasi_tân,preverb_verb_concept,tapasiVAI,tapasi,run away,VAI
-,,VAI2INONE,ki____naw   | ê-____yahk | ____tân   ,Inclusive You & I (plural/singular) acting,animate_intransitive,-,Someone acting,NONEpimipahtaVAIprs2I,imp,-,Imperative,NONE,-,,,,NONE,mahkikway preverb,no preverb,2I,kiyanaw,Inclusive You & I (plural/singular),prs,-,present,pimipahtatân,_pimipahta_tân,preverb_verb_concept,pimipahtaVAI,pimipahta,run,VAI
-,,VAI2INONE,ki____naw   | ê-____yahk | ____tân   ,Inclusive You & I (plural/singular) acting,animate_intransitive,-,Someone acting,NONEnipaVAIprs2I,imp,-,Imperative,NONE,-,,,,NONE,mahkikway preverb,no preverb,2I,kiyanaw,Inclusive You & I (plural/singular),prs,-,present,nipatân,_nipa_tân,preverb_verb_concept,nipaVAI,nipa,sleep,VAI
-,,VAI2INONE,ki____naw   | ê-____yahk | ____tân   ,Inclusive You & I (plural/singular) acting,animate_intransitive,-,Someone acting,NONEnipawiVAIprs2I,imp,-,Imperative,NONE,-,,,,NONE,mahkikway preverb,no preverb,2I,kiyanaw,Inclusive You & I (plural/singular),prs,-,present,nipawitân,_nipawi_tân,preverb_verb_concept,nipawiVAI,nipawi,stand,VAI
-,,VAI2INONE,ki____naw   | ê-____yahk | ____tân   ,Inclusive You & I (plural/singular) acting,animate_intransitive,-,Someone acting,NONEnanâskomoVAIprs2I,imp,-,Imperative,NONE,-,,,,NONE,mahkikway preverb,no preverb,2I,kiyanaw,Inclusive You & I (plural/singular),prs,-,present,nanâskomotân,_nanâskomo_tân,preverb_verb_concept,nanâskomoVAI,nanâskomo,be grateful,VAI
-,,VAI2INONE,ki____naw   | ê-____yahk | ____tân   ,Inclusive You & I (plural/singular) acting,animate_intransitive,-,Someone acting,NONEmîcisoVAIprs2I,imp,-,Imperative,NONE,-,,,,NONE,mahkikway preverb,no preverb,2I,kiyanaw,Inclusive You & I (plural/singular),prs,-,present,mîcisotân,_mîciso_tân,preverb_verb_concept,mîcisoVAI,mîciso,eat,VAI
-,,VAI2INONE,ki____naw   | ê-____yahk | ____tân   ,Inclusive You & I (plural/singular) acting,animate_intransitive,-,Someone acting,NONEmêtawêVAIprs2I,imp,-,Imperative,NONE,-,,,,NONE,mahkikway preverb,no preverb,2I,kiyanaw,Inclusive You & I (plural/singular),prs,-,present,mêtawêtân,_mêtawê_tân,preverb_verb_concept,mêtawêVAI,mêtawê,play,VAI
-,,VAI2INONE,ki____naw   | ê-____yahk | ____tân   ,Inclusive You & I (plural/singular) acting,animate_intransitive,-,Someone acting,NONEkwayaskwâtisiVAIprs2I,imp,-,Imperative,NONE,-,,,,NONE,mahkikway preverb,no preverb,2I,kiyanaw,Inclusive You & I (plural/singular),prs,-,present,kwayaskwâtisitân,_kwayaskwâtisi_tân,preverb_verb_concept,kwayaskwâtisiVAI,kwayaskwâtisi,be honest,VAI
-,,VAI2INONE,ki____naw   | ê-____yahk | ____tân   ,Inclusive You & I (plural/singular) acting,animate_intransitive,-,Someone acting,NONEitohteVAIprs2I,imp,-,Imperative,NONE,-,,,,NONE,mahkikway preverb,no preverb,2I,kiyanaw,Inclusive You & I (plural/singular),prs,-,present,itohtetân,_itohte_tân,preverb_verb_concept,itohteVAI,itohte,go,VAI
-,,VAI2INONE,ki____naw   | ê-____yahk | ____tân   ,Inclusive You & I (plural/singular) acting,animate_intransitive,-,Someone acting,NONEapiVAIprs2I,imp,-,Imperative,NONE,-,,,,NONE,mahkikway preverb,no preverb,2I,kiyanaw,Inclusive You & I (plural/singular),prs,-,present,apitân,_api_tân,preverb_verb_concept,apiVAI,api,sit,VAI
-,,VAI2INONE,ki____naw   | ê-____yahk | ____tân   ,Inclusive You & I (plural/singular) acting,animate_intransitive,-,Someone acting,conj_prefprsNONEwâpiVAI2I,conj,-,Conjunct,NONE,-,,,,NONE,mahkikway preverb,no preverb,2I,kiyanaw,Inclusive You & I (plural/singular),prs,-,present,ê-wâpiyahk,ê-__wâpi_yahk,concept_spelling_verb_concept,wâpiVAI,wâpi,see,VAI
-,,VAI2INONE,ki____naw   | ê-____yahk | ____tân   ,Inclusive You & I (plural/singular) acting,animate_intransitive,-,Someone acting,conj_prefprsNONEwaniskaVAI2I,conj,-,Conjunct,NONE,-,,,,NONE,mahkikway preverb,no preverb,2I,kiyanaw,Inclusive You & I (plural/singular),prs,-,present,ê-waniskayahk,ê-__waniska_yahk,concept_spelling_verb_concept,waniskaVAI,waniska,wake up,VAI
-,,VAI2INONE,ki____naw   | ê-____yahk | ____tân   ,Inclusive You & I (plural/singular) acting,animate_intransitive,-,Someone acting,conj_prefprsNONEtapasiVAI2I,conj,-,Conjunct,NONE,-,,,,NONE,mahkikway preverb,no preverb,2I,kiyanaw,Inclusive You & I (plural/singular),prs,-,present,ê-tapasiyahk,ê-__tapasi_yahk,concept_spelling_verb_concept,tapasiVAI,tapasi,run away,VAI
-,,VAI2INONE,ki____naw   | ê-____yahk | ____tân   ,Inclusive You & I (plural/singular) acting,animate_intransitive,-,Someone acting,conj_prefprsNONEpimipahtaVAI2I,conj,-,Conjunct,NONE,-,,,,NONE,mahkikway preverb,no preverb,2I,kiyanaw,Inclusive You & I (plural/singular),prs,-,present,ê-pimipahtayahk,ê-__pimipahta_yahk,concept_spelling_verb_concept,pimipahtaVAI,pimipahta,run,VAI
-,,VAI2INONE,ki____naw   | ê-____yahk | ____tân   ,Inclusive You & I (plural/singular) acting,animate_intransitive,-,Someone acting,conj_prefprsNONEnipaVAI2I,conj,-,Conjunct,NONE,-,,,,NONE,mahkikway preverb,no preverb,2I,kiyanaw,Inclusive You & I (plural/singular),prs,-,present,ê-nipayahk,ê-__nipa_yahk,concept_spelling_verb_concept,nipaVAI,nipa,sleep,VAI
-,,VAI2INONE,ki____naw   | ê-____yahk | ____tân   ,Inclusive You & I (plural/singular) acting,animate_intransitive,-,Someone acting,conj_prefprsNONEnipawiVAI2I,conj,-,Conjunct,NONE,-,,,,NONE,mahkikway preverb,no preverb,2I,kiyanaw,Inclusive You & I (plural/singular),prs,-,present,ê-nipawiyahk,ê-__nipawi_yahk,concept_spelling_verb_concept,nipawiVAI,nipawi,stand,VAI
-,,VAI2INONE,ki____naw   | ê-____yahk | ____tân   ,Inclusive You & I (plural/singular) acting,animate_intransitive,-,Someone acting,conj_prefprsNONEnanâskomoVAI2I,conj,-,Conjunct,NONE,-,,,,NONE,mahkikway preverb,no preverb,2I,kiyanaw,Inclusive You & I (plural/singular),prs,-,present,ê-nanâskomoyahk,ê-__nanâskomo_yahk,concept_spelling_verb_concept,nanâskomoVAI,nanâskomo,be grateful,VAI
-,,VAI2INONE,ki____naw   | ê-____yahk | ____tân   ,Inclusive You & I (plural/singular) acting,animate_intransitive,-,Someone acting,conj_prefprsNONEmîcisoVAI2I,conj,-,Conjunct,NONE,-,,,,NONE,mahkikway preverb,no preverb,2I,kiyanaw,Inclusive You & I (plural/singular),prs,-,present,ê-mîcisoyahk,ê-__mîciso_yahk,concept_spelling_verb_concept,mîcisoVAI,mîciso,eat,VAI
-,,VAI2INONE,ki____naw   | ê-____yahk | ____tân   ,Inclusive You & I (plural/singular) acting,animate_intransitive,-,Someone acting,conj_prefprsNONEmêtawêVAI2I,conj,-,Conjunct,NONE,-,,,,NONE,mahkikway preverb,no preverb,2I,kiyanaw,Inclusive You & I (plural/singular),prs,-,present,ê-mêtawêyahk,ê-__mêtawê_yahk,concept_spelling_verb_concept,mêtawêVAI,mêtawê,play,VAI
-,,VAI2INONE,ki____naw   | ê-____yahk | ____tân   ,Inclusive You & I (plural/singular) acting,animate_intransitive,-,Someone acting,conj_prefprsNONEkwayaskwâtisiVAI2I,conj,-,Conjunct,NONE,-,,,,NONE,mahkikway preverb,no preverb,2I,kiyanaw,Inclusive You & I (plural/singular),prs,-,present,ê-kwayaskwâtisiyahk,ê-__kwayaskwâtisi_yahk,concept_spelling_verb_concept,kwayaskwâtisiVAI,kwayaskwâtisi,be honest,VAI
-,,VAI2INONE,ki____naw   | ê-____yahk | ____tân   ,Inclusive You & I (plural/singular) acting,animate_intransitive,-,Someone acting,conj_prefprsNONEitohteVAI2I,conj,-,Conjunct,NONE,-,,,,NONE,mahkikway preverb,no preverb,2I,kiyanaw,Inclusive You & I (plural/singular),prs,-,present,ê-itohteyahk,ê-__itohte_yahk,concept_spelling_verb_concept,itohteVAI,itohte,go,VAI
-,,VAI2INONE,ki____naw   | ê-____yahk | ____tân   ,Inclusive You & I (plural/singular) acting,animate_intransitive,-,Someone acting,conj_prefprsNONEapiVAI2I,conj,-,Conjunct,NONE,-,,,,NONE,mahkikway preverb,no preverb,2I,kiyanaw,Inclusive You & I (plural/singular),prs,-,present,ê-apiyahk,ê-__api_yahk,concept_spelling_verb_concept,apiVAI,api,sit,VAI
-,,VAI1PLNONE,ni____nân   | ê-____yâhk,Plural I acting,animate_intransitive,-,Someone acting,prsNONEwâpiVAI1PL,ind,-,Independent,NONE,-,,,1,NONE,mahkikway preverb,no preverb,1PL,niyanân,Plural I,prs,-,present,niwâpinân,ni__wâpi_nân,concept_spelling_verb_concept,wâpiVAI,wâpi,see,VAI
-,,VAI1PLNONE,ni____nân   | ê-____yâhk,Plural I acting,animate_intransitive,-,Someone acting,prsNONEwaniskaVAI1PL,ind,-,Independent,NONE,-,,,1,NONE,mahkikway preverb,no preverb,1PL,niyanân,Plural I,prs,-,present,niwaniskanân,ni__waniska_nân,concept_spelling_verb_concept,waniskaVAI,waniska,wake up,VAI
-,,VAI1PLNONE,ni____nân   | ê-____yâhk,Plural I acting,animate_intransitive,-,Someone acting,prsNONEtapasiVAI1PL,ind,-,Independent,NONE,-,,,1,NONE,mahkikway preverb,no preverb,1PL,niyanân,Plural I,prs,-,present,nitapasinân,ni__tapasi_nân,concept_spelling_verb_concept,tapasiVAI,tapasi,run away,VAI
-,,VAI1PLNONE,ni____nân   | ê-____yâhk,Plural I acting,animate_intransitive,-,Someone acting,prsNONEpimipahtaVAI1PL,ind,-,Independent,NONE,-,,,1,NONE,mahkikway preverb,no preverb,1PL,niyanân,Plural I,prs,-,present,nipimipahtanân,ni__pimipahta_nân,concept_spelling_verb_concept,pimipahtaVAI,pimipahta,run,VAI
-,,VAI1PLNONE,ni____nân   | ê-____yâhk,Plural I acting,animate_intransitive,-,Someone acting,prsNONEnipaVAI1PL,ind,-,Independent,NONE,-,,,1,NONE,mahkikway preverb,no preverb,1PL,niyanân,Plural I,prs,-,present,ninipanân,ni__nipa_nân,concept_spelling_verb_concept,nipaVAI,nipa,sleep,VAI
-,,VAI1PLNONE,ni____nân   | ê-____yâhk,Plural I acting,animate_intransitive,-,Someone acting,prsNONEnipawiVAI1PL,ind,-,Independent,NONE,-,,,1,NONE,mahkikway preverb,no preverb,1PL,niyanân,Plural I,prs,-,present,ninipawinân,ni__nipawi_nân,concept_spelling_verb_concept,nipawiVAI,nipawi,stand,VAI
-,,VAI1PLNONE,ni____nân   | ê-____yâhk,Plural I acting,animate_intransitive,-,Someone acting,prsNONEnanâskomoVAI1PL,ind,-,Independent,NONE,-,,,1,NONE,mahkikway preverb,no preverb,1PL,niyanân,Plural I,prs,-,present,ninanâskomonân,ni__nanâskomo_nân,concept_spelling_verb_concept,nanâskomoVAI,nanâskomo,be grateful,VAI
-,,VAI1PLNONE,ni____nân   | ê-____yâhk,Plural I acting,animate_intransitive,-,Someone acting,prsNONEmîcisoVAI1PL,ind,-,Independent,NONE,-,,,1,NONE,mahkikway preverb,no preverb,1PL,niyanân,Plural I,prs,-,present,nimîcisonân,ni__mîciso_nân,concept_spelling_verb_concept,mîcisoVAI,mîciso,eat,VAI
-,,VAI1PLNONE,ni____nân   | ê-____yâhk,Plural I acting,animate_intransitive,-,Someone acting,prsNONEmêtawêVAI1PL,ind,-,Independent,NONE,-,,,1,NONE,mahkikway preverb,no preverb,1PL,niyanân,Plural I,prs,-,present,nimêtawânân,ni__mêtawâ_nân,concept_spelling_verb_concept,mêtawêVAI,mêtawê,play,VAI
-,,VAI1PLNONE,ni____nân   | ê-____yâhk,Plural I acting,animate_intransitive,-,Someone acting,prsNONEkwayaskwâtisiVAI1PL,ind,-,Independent,NONE,-,,,1,NONE,mahkikway preverb,no preverb,1PL,niyanân,Plural I,prs,-,present,nikwayaskwâtisinân,ni__kwayaskwâtisi_nân,concept_spelling_verb_concept,kwayaskwâtisiVAI,kwayaskwâtisi,be honest,VAI
-,,VAI1PLNONE,ni____nân   | ê-____yâhk,Plural I acting,animate_intransitive,-,Someone acting,prsNONEitohteVAI1PL,ind,-,Independent,NONE,-,,,1,NONE,mahkikway preverb,no preverb,1PL,niyanân,Plural I,prs,-,present,nititohtenân,ni_t_itohte_nân,concept_spelling_verb_concept,itohteVAI,itohte,go,VAI
-,,VAI1PLNONE,ni____nân   | ê-____yâhk,Plural I acting,animate_intransitive,-,Someone acting,prsNONEapiVAI1PL,ind,-,Independent,NONE,-,,,1,NONE,mahkikway preverb,no preverb,1PL,niyanân,Plural I,prs,-,present,nitapinân,ni_t_api_nân,concept_spelling_verb_concept,apiVAI,api,sit,VAI
-,,VAI1PLNONE,ni____nân   | ê-____yâhk,Plural I acting,animate_intransitive,-,Someone acting,conj_prefprsNONEwâpiVAI1PL,conj,-,Conjunct,NONE,-,,,,NONE,mahkikway preverb,no preverb,1PL,niyanân,Plural I,prs,-,present,ê-wâpiyâhk,ê-__wâpi_yâhk,concept_spelling_verb_concept,wâpiVAI,wâpi,see,VAI
-,,VAI1PLNONE,ni____nân   | ê-____yâhk,Plural I acting,animate_intransitive,-,Someone acting,conj_prefprsNONEwaniskaVAI1PL,conj,-,Conjunct,NONE,-,,,,NONE,mahkikway preverb,no preverb,1PL,niyanân,Plural I,prs,-,present,ê-waniskayâhk,ê-__waniska_yâhk,concept_spelling_verb_concept,waniskaVAI,waniska,wake up,VAI
-,,VAI1PLNONE,ni____nân   | ê-____yâhk,Plural I acting,animate_intransitive,-,Someone acting,conj_prefprsNONEtapasiVAI1PL,conj,-,Conjunct,NONE,-,,,,NONE,mahkikway preverb,no preverb,1PL,niyanân,Plural I,prs,-,present,ê-tapasiyâhk,ê-__tapasi_yâhk,concept_spelling_verb_concept,tapasiVAI,tapasi,run away,VAI
-,,VAI1PLNONE,ni____nân   | ê-____yâhk,Plural I acting,animate_intransitive,-,Someone acting,conj_prefprsNONEpimipahtaVAI1PL,conj,-,Conjunct,NONE,-,,,,NONE,mahkikway preverb,no preverb,1PL,niyanân,Plural I,prs,-,present,ê-pimipahtayâhk,ê-__pimipahta_yâhk,concept_spelling_verb_concept,pimipahtaVAI,pimipahta,run,VAI
-,,VAI1PLNONE,ni____nân   | ê-____yâhk,Plural I acting,animate_intransitive,-,Someone acting,conj_prefprsNONEnipaVAI1PL,conj,-,Conjunct,NONE,-,,,,NONE,mahkikway preverb,no preverb,1PL,niyanân,Plural I,prs,-,present,ê-nipayâhk,ê-__nipa_yâhk,concept_spelling_verb_concept,nipaVAI,nipa,sleep,VAI
-,,VAI1PLNONE,ni____nân   | ê-____yâhk,Plural I acting,animate_intransitive,-,Someone acting,conj_prefprsNONEnipawiVAI1PL,conj,-,Conjunct,NONE,-,,,,NONE,mahkikway preverb,no preverb,1PL,niyanân,Plural I,prs,-,present,ê-nipawiyâhk,ê-__nipawi_yâhk,concept_spelling_verb_concept,nipawiVAI,nipawi,stand,VAI
-,,VAI1PLNONE,ni____nân   | ê-____yâhk,Plural I acting,animate_intransitive,-,Someone acting,conj_prefprsNONEnanâskomoVAI1PL,conj,-,Conjunct,NONE,-,,,,NONE,mahkikway preverb,no preverb,1PL,niyanân,Plural I,prs,-,present,ê-nanâskomoyâhk,ê-__nanâskomo_yâhk,concept_spelling_verb_concept,nanâskomoVAI,nanâskomo,be grateful,VAI
-,,VAI1PLNONE,ni____nân   | ê-____yâhk,Plural I acting,animate_intransitive,-,Someone acting,conj_prefprsNONEmîcisoVAI1PL,conj,-,Conjunct,NONE,-,,,,NONE,mahkikway preverb,no preverb,1PL,niyanân,Plural I,prs,-,present,ê-mîcisoyâhk,ê-__mîciso_yâhk,concept_spelling_verb_concept,mîcisoVAI,mîciso,eat,VAI
-,,VAI1PLNONE,ni____nân   | ê-____yâhk,Plural I acting,animate_intransitive,-,Someone acting,conj_prefprsNONEmêtawêVAI1PL,conj,-,Conjunct,NONE,-,,,,NONE,mahkikway preverb,no preverb,1PL,niyanân,Plural I,prs,-,present,ê-mêtawêyâhk,ê-__mêtawê_yâhk,concept_spelling_verb_concept,mêtawêVAI,mêtawê,play,VAI
-,,VAI1PLNONE,ni____nân   | ê-____yâhk,Plural I acting,animate_intransitive,-,Someone acting,conj_prefprsNONEkwayaskwâtisiVAI1PL,conj,-,Conjunct,NONE,-,,,,NONE,mahkikway preverb,no preverb,1PL,niyanân,Plural I,prs,-,present,ê-kwayaskwâtisiyâhk,ê-__kwayaskwâtisi_yâhk,concept_spelling_verb_concept,kwayaskwâtisiVAI,kwayaskwâtisi,be honest,VAI
-,,VAI1PLNONE,ni____nân   | ê-____yâhk,Plural I acting,animate_intransitive,-,Someone acting,conj_prefprsNONEitohteVAI1PL,conj,-,Conjunct,NONE,-,,,,NONE,mahkikway preverb,no preverb,1PL,niyanân,Plural I,prs,-,present,ê-itohteyâhk,ê-__itohte_yâhk,concept_spelling_verb_concept,itohteVAI,itohte,go,VAI
-,,VAI1PLNONE,ni____nân   | ê-____yâhk,Plural I acting,animate_intransitive,-,Someone acting,conj_prefprsNONEapiVAI1PL,conj,-,Conjunct,NONE,-,,,,NONE,mahkikway preverb,no preverb,1PL,niyanân,Plural I,prs,-,present,ê-apiyâhk,ê-__api_yâhk,concept_spelling_verb_concept,apiVAI,api,sit,VAI
-,,VAI3SGNONE,____w       | ê-____t   ,S/he acting,animate_intransitive,-,Someone acting,prsNONEwâpiVAI3SG,ind,-,Independent,NONE,-,,,3,NONE,mahkikway preverb,no preverb,3SG,wiya,S/he,prs,-,present,wâpiw,__wâpi_w,concept_spelling_verb_concept,wâpiVAI,wâpi,see,VAI
-,,VAI3SGNONE,____w       | ê-____t   ,S/he acting,animate_intransitive,-,Someone acting,prsNONEwaniskaVAI3SG,ind,-,Independent,NONE,-,,,3,NONE,mahkikway preverb,no preverb,3SG,wiya,S/he,prs,-,present,waniskaw,__waniska_w,concept_spelling_verb_concept,waniskaVAI,waniska,wake up,VAI
-,,VAI3SGNONE,____w       | ê-____t   ,S/he acting,animate_intransitive,-,Someone acting,prsNONEtapasiVAI3SG,ind,-,Independent,NONE,-,,,3,NONE,mahkikway preverb,no preverb,3SG,wiya,S/he,prs,-,present,tapasiw,__tapasi_w,concept_spelling_verb_concept,tapasiVAI,tapasi,run away,VAI
-,,VAI3SGNONE,____w       | ê-____t   ,S/he acting,animate_intransitive,-,Someone acting,prsNONEpimipahtaVAI3SG,ind,-,Independent,NONE,-,,,3,NONE,mahkikway preverb,no preverb,3SG,wiya,S/he,prs,-,present,pimipahtaw,__pimipahta_w,concept_spelling_verb_concept,pimipahtaVAI,pimipahta,run,VAI
-,,VAI3SGNONE,____w       | ê-____t   ,S/he acting,animate_intransitive,-,Someone acting,prsNONEnipawiVAI3SG,ind,-,Independent,NONE,-,,,3,NONE,mahkikway preverb,no preverb,3SG,wiya,S/he,prs,-,present,nipawiw,__nipawi_w,concept_spelling_verb_concept,nipawiVAI,nipawi,stand,VAI
-,,VAI3SGNONE,____w       | ê-____t   ,S/he acting,animate_intransitive,-,Someone acting,prsNONEnipaVAI3SG,ind,-,Independent,NONE,-,,,3,NONE,mahkikway preverb,no preverb,3SG,wiya,S/he,prs,-,present,nipaw,__nipa_w,concept_spelling_verb_concept,nipaVAI,nipa,sleep,VAI
-,,VAI3SGNONE,____w       | ê-____t   ,S/he acting,animate_intransitive,-,Someone acting,prsNONEnanâskomoVAI3SG,ind,-,Independent,NONE,-,,,3,NONE,mahkikway preverb,no preverb,3SG,wiya,S/he,prs,-,present,nanâskomow,__nanâskomo_w,concept_spelling_verb_concept,nanâskomoVAI,nanâskomo,be grateful,VAI
-,,VAI3SGNONE,____w       | ê-____t   ,S/he acting,animate_intransitive,-,Someone acting,prsNONEmîcisoVAI3SG,ind,-,Independent,NONE,-,,,3,NONE,mahkikway preverb,no preverb,3SG,wiya,S/he,prs,-,present,mîcisow,__mîciso_w,concept_spelling_verb_concept,mîcisoVAI,mîciso,eat,VAI
-,,VAI3SGNONE,____w       | ê-____t   ,S/he acting,animate_intransitive,-,Someone acting,prsNONEmêtawêVAI3SG,ind,-,Independent,NONE,-,,,3,NONE,mahkikway preverb,no preverb,3SG,wiya,S/he,prs,-,present,mêtawêw,__mêtawê_w,concept_spelling_verb_concept,mêtawêVAI,mêtawê,play,VAI
-,,VAI3SGNONE,____w       | ê-____t   ,S/he acting,animate_intransitive,-,Someone acting,prsNONEkwayaskwâtisiVAI3SG,ind,-,Independent,NONE,-,,,3,NONE,mahkikway preverb,no preverb,3SG,wiya,S/he,prs,-,present,kwayaskwâtisiw,__kwayaskwâtisi_w,concept_spelling_verb_concept,kwayaskwâtisiVAI,kwayaskwâtisi,be honest,VAI
-,,VAI3SGNONE,____w       | ê-____t   ,S/he acting,animate_intransitive,-,Someone acting,prsNONEitohteVAI3SG,ind,-,Independent,NONE,-,,,3,NONE,mahkikway preverb,no preverb,3SG,wiya,S/he,prs,-,present,itohtew,__itohte_w,concept_spelling_verb_concept,itohteVAI,itohte,go,VAI
-,,VAI3SGNONE,____w       | ê-____t   ,S/he acting,animate_intransitive,-,Someone acting,prsNONEapiVAI3SG,ind,-,Independent,NONE,-,,,3,NONE,mahkikway preverb,no preverb,3SG,wiya,S/he,prs,-,present,apiw,__api_w,concept_spelling_verb_concept,apiVAI,api,sit,VAI
-,,VAI3SGNONE,____w       | ê-____t   ,S/he acting,animate_intransitive,-,Someone acting,conj_prefprsNONEwâpiVAI3SG,conj,-,Conjunct,NONE,-,,,,NONE,mahkikway preverb,no preverb,3SG,wiya,S/he,prs,-,present,ê-wâpit,ê-__wâpi_t,concept_spelling_verb_concept,wâpiVAI,wâpi,see,VAI
-,,VAI3SGNONE,____w       | ê-____t   ,S/he acting,animate_intransitive,-,Someone acting,conj_prefprsNONEwaniskaVAI3SG,conj,-,Conjunct,NONE,-,,,,NONE,mahkikway preverb,no preverb,3SG,wiya,S/he,prs,-,present,ê-waniskat,ê-__waniska_t,concept_spelling_verb_concept,waniskaVAI,waniska,wake up,VAI
-,,VAI3SGNONE,____w       | ê-____t   ,S/he acting,animate_intransitive,-,Someone acting,conj_prefprsNONEtapasiVAI3SG,conj,-,Conjunct,NONE,-,,,,NONE,mahkikway preverb,no preverb,3SG,wiya,S/he,prs,-,present,ê-tapasit,ê-__tapasi_t,concept_spelling_verb_concept,tapasiVAI,tapasi,run away,VAI
-,,VAI3SGNONE,____w       | ê-____t   ,S/he acting,animate_intransitive,-,Someone acting,conj_prefprsNONEpimipahtaVAI3SG,conj,-,Conjunct,NONE,-,,,,NONE,mahkikway preverb,no preverb,3SG,wiya,S/he,prs,-,present,ê-pimipahtat,ê-__pimipahta_t,concept_spelling_verb_concept,pimipahtaVAI,pimipahta,run,VAI
-,,VAI3SGNONE,____w       | ê-____t   ,S/he acting,animate_intransitive,-,Someone acting,conj_prefprsNONEnipaVAI3SG,conj,-,Conjunct,NONE,-,,,,NONE,mahkikway preverb,no preverb,3SG,wiya,S/he,prs,-,present,ê-nipat,ê-__nipa_t,concept_spelling_verb_concept,nipaVAI,nipa,sleep,VAI
-,,VAI3SGNONE,____w       | ê-____t   ,S/he acting,animate_intransitive,-,Someone acting,conj_prefprsNONEnipawiVAI3SG,conj,-,Conjunct,NONE,-,,,,NONE,mahkikway preverb,no preverb,3SG,wiya,S/he,prs,-,present,ê-nipawit,ê-__nipawi_t,concept_spelling_verb_concept,nipawiVAI,nipawi,stand,VAI
-,,VAI3SGNONE,____w       | ê-____t   ,S/he acting,animate_intransitive,-,Someone acting,conj_prefprsNONEnanâskomoVAI3SG,conj,-,Conjunct,NONE,-,,,,NONE,mahkikway preverb,no preverb,3SG,wiya,S/he,prs,-,present,ê-nanâskomot,ê-__nanâskomo_t,concept_spelling_verb_concept,nanâskomoVAI,nanâskomo,be grateful,VAI
-,,VAI3SGNONE,____w       | ê-____t   ,S/he acting,animate_intransitive,-,Someone acting,conj_prefprsNONEmîcisoVAI3SG,conj,-,Conjunct,NONE,-,,,,NONE,mahkikway preverb,no preverb,3SG,wiya,S/he,prs,-,present,ê-mîcisot,ê-__mîciso_t,concept_spelling_verb_concept,mîcisoVAI,mîciso,eat,VAI
-,,VAI3SGNONE,____w       | ê-____t   ,S/he acting,animate_intransitive,-,Someone acting,conj_prefprsNONEmêtawêVAI3SG,conj,-,Conjunct,NONE,-,,,,NONE,mahkikway preverb,no preverb,3SG,wiya,S/he,prs,-,present,ê-mêtawêt,ê-__mêtawê_t,concept_spelling_verb_concept,mêtawêVAI,mêtawê,play,VAI
-,,VAI3SGNONE,____w       | ê-____t   ,S/he acting,animate_intransitive,-,Someone acting,conj_prefprsNONEkwayaskwâtisiVAI3SG,conj,-,Conjunct,NONE,-,,,,NONE,mahkikway preverb,no preverb,3SG,wiya,S/he,prs,-,present,ê-kwayaskwâtisit,ê-__kwayaskwâtisi_t,concept_spelling_verb_concept,kwayaskwâtisiVAI,kwayaskwâtisi,be honest,VAI
-,,VAI3SGNONE,____w       | ê-____t   ,S/he acting,animate_intransitive,-,Someone acting,conj_prefprsNONEitohteVAI3SG,conj,-,Conjunct,NONE,-,,,,NONE,mahkikway preverb,no preverb,3SG,wiya,S/he,prs,-,present,ê-itohtet,ê-__itohte_t,concept_spelling_verb_concept,itohteVAI,itohte,go,VAI
-,,VAI3SGNONE,____w       | ê-____t   ,S/he acting,animate_intransitive,-,Someone acting,conj_prefprsNONEapiVAI3SG,conj,-,Conjunct,NONE,-,,,,NONE,mahkikway preverb,no preverb,3SG,wiya,S/he,prs,-,present,ê-apit,ê-__api_t,concept_spelling_verb_concept,apiVAI,api,sit,VAI
-,,VAI2SGNONE,ki____n     | ê-____yan  | ____      ,You acting,animate_intransitive,-,Someone acting,prsNONEwâpiVAI2SG,ind,-,Independent,NONE,-,,,2,NONE,mahkikway preverb,no preverb,2SG,kiya,You,prs,-,present,kiwâpin,ki__wâpi_n,concept_spelling_verb_concept,wâpiVAI,wâpi,see,VAI
-,,VAI2SGNONE,ki____n     | ê-____yan  | ____      ,You acting,animate_intransitive,-,Someone acting,prsNONEwaniskaVAI2SG,ind,-,Independent,NONE,-,,,2,NONE,mahkikway preverb,no preverb,2SG,kiya,You,prs,-,present,kiwaniskan,ki__waniska_n,concept_spelling_verb_concept,waniskaVAI,waniska,wake up,VAI
-,,VAI2SGNONE,ki____n     | ê-____yan  | ____      ,You acting,animate_intransitive,-,Someone acting,prsNONEtapasiVAI2SG,ind,-,Independent,NONE,-,,,2,NONE,mahkikway preverb,no preverb,2SG,kiya,You,prs,-,present,kitapasin,ki__tapasi_n,concept_spelling_verb_concept,tapasiVAI,tapasi,run away,VAI
-,,VAI2SGNONE,ki____n     | ê-____yan  | ____      ,You acting,animate_intransitive,-,Someone acting,prsNONEpimipahtaVAI2SG,ind,-,Independent,NONE,-,,,2,NONE,mahkikway preverb,no preverb,2SG,kiya,You,prs,-,present,kipimipahtan,ki__pimipahta_n,concept_spelling_verb_concept,pimipahtaVAI,pimipahta,run,VAI
-,,VAI2SGNONE,ki____n     | ê-____yan  | ____      ,You acting,animate_intransitive,-,Someone acting,prsNONEnipaVAI2SG,ind,-,Independent,NONE,-,,,2,NONE,mahkikway preverb,no preverb,2SG,kiya,You,prs,-,present,kinipan,ki__nipa_n,concept_spelling_verb_concept,nipaVAI,nipa,sleep,VAI
-,,VAI2SGNONE,ki____n     | ê-____yan  | ____      ,You acting,animate_intransitive,-,Someone acting,prsNONEnipawiVAI2SG,ind,-,Independent,NONE,-,,,2,NONE,mahkikway preverb,no preverb,2SG,kiya,You,prs,-,present,kinipawin,ki__nipawi_n,concept_spelling_verb_concept,nipawiVAI,nipawi,stand,VAI
-,,VAI2SGNONE,ki____n     | ê-____yan  | ____      ,You acting,animate_intransitive,-,Someone acting,prsNONEnanâskomoVAI2SG,ind,-,Independent,NONE,-,,,2,NONE,mahkikway preverb,no preverb,2SG,kiya,You,prs,-,present,kinanâskomon,ki__nanâskomo_n,concept_spelling_verb_concept,nanâskomoVAI,nanâskomo,be grateful,VAI
-,,VAI2SGNONE,ki____n     | ê-____yan  | ____      ,You acting,animate_intransitive,-,Someone acting,prsNONEmîcisoVAI2SG,ind,-,Independent,NONE,-,,,2,NONE,mahkikway preverb,no preverb,2SG,kiya,You,prs,-,present,kimîcison,ki__mîciso_n,concept_spelling_verb_concept,mîcisoVAI,mîciso,eat,VAI
-,,VAI2SGNONE,ki____n     | ê-____yan  | ____      ,You acting,animate_intransitive,-,Someone acting,prsNONEmêtawêVAI2SG,ind,-,Independent,NONE,-,,,2,NONE,mahkikway preverb,no preverb,2SG,kiya,You,prs,-,present,kimêtawân,ki__mêtawâ_n,concept_spelling_verb_concept,mêtawêVAI,mêtawê,play,VAI
-,,VAI2SGNONE,ki____n     | ê-____yan  | ____      ,You acting,animate_intransitive,-,Someone acting,prsNONEkwayaskwâtisiVAI2SG,ind,-,Independent,NONE,-,,,2,NONE,mahkikway preverb,no preverb,2SG,kiya,You,prs,-,present,kikwayaskwâtisin,ki__kwayaskwâtisi_n,concept_spelling_verb_concept,kwayaskwâtisiVAI,kwayaskwâtisi,be honest,VAI
-,,VAI2SGNONE,ki____n     | ê-____yan  | ____      ,You acting,animate_intransitive,-,Someone acting,prsNONEitohteVAI2SG,ind,-,Independent,NONE,-,,,2,NONE,mahkikway preverb,no preverb,2SG,kiya,You,prs,-,present,kititohten,ki_t_itohte_n,concept_spelling_verb_concept,itohteVAI,itohte,go,VAI
-,,VAI2SGNONE,ki____n     | ê-____yan  | ____      ,You acting,animate_intransitive,-,Someone acting,prsNONEapiVAI2SG,ind,-,Independent,NONE,-,,,2,NONE,mahkikway preverb,no preverb,2SG,kiya,You,prs,-,present,kitapin,ki_t_api_n,concept_spelling_verb_concept,apiVAI,api,sit,VAI
-,,VAI2SGNONE,ki____n     | ê-____yan  | ____      ,You acting,animate_intransitive,-,Someone acting,NONEwâpiVAIprs2SG,imp,-,Imperative,NONE,-,,,,NONE,mahkikway preverb,no preverb,2SG,kiya,You,prs,-,present,wâpi,_wâpi_,preverb_verb_concept,wâpiVAI,wâpi,see,VAI
-,,VAI2SGNONE,ki____n     | ê-____yan  | ____      ,You acting,animate_intransitive,-,Someone acting,NONEwaniskaVAIprs2SG,imp,-,Imperative,NONE,-,,,,NONE,mahkikway preverb,no preverb,2SG,kiya,You,prs,-,present,waniska,_waniska_,preverb_verb_concept,waniskaVAI,waniska,wake up,VAI
-,,VAI2SGNONE,ki____n     | ê-____yan  | ____      ,You acting,animate_intransitive,-,Someone acting,NONEtapasiVAIprs2SG,imp,-,Imperative,NONE,-,,,,NONE,mahkikway preverb,no preverb,2SG,kiya,You,prs,-,present,tapasi,_tapasi_,preverb_verb_concept,tapasiVAI,tapasi,run away,VAI
-,,VAI2SGNONE,ki____n     | ê-____yan  | ____      ,You acting,animate_intransitive,-,Someone acting,NONEpimipahtaVAIprs2SG,imp,-,Imperative,NONE,-,,,,NONE,mahkikway preverb,no preverb,2SG,kiya,You,prs,-,present,pimipahta,_pimipahta_,preverb_verb_concept,pimipahtaVAI,pimipahta,run,VAI
-,,VAI2SGNONE,ki____n     | ê-____yan  | ____      ,You acting,animate_intransitive,-,Someone acting,NONEnipawiVAIprs2SG,imp,-,Imperative,NONE,-,,,,NONE,mahkikway preverb,no preverb,2SG,kiya,You,prs,-,present,nipawi,_nipawi_,preverb_verb_concept,nipawiVAI,nipawi,stand,VAI
-,,VAI2SGNONE,ki____n     | ê-____yan  | ____      ,You acting,animate_intransitive,-,Someone acting,NONEnipaVAIprs2SG,imp,-,Imperative,NONE,-,,,,NONE,mahkikway preverb,no preverb,2SG,kiya,You,prs,-,present,nipa,_nipa_,preverb_verb_concept,nipaVAI,nipa,sleep,VAI
-,,VAI2SGNONE,ki____n     | ê-____yan  | ____      ,You acting,animate_intransitive,-,Someone acting,NONEnanâskomoVAIprs2SG,imp,-,Imperative,NONE,-,,,,NONE,mahkikway preverb,no preverb,2SG,kiya,You,prs,-,present,nanâskomo,_nanâskomo_,preverb_verb_concept,nanâskomoVAI,nanâskomo,be grateful,VAI
-,,VAI2SGNONE,ki____n     | ê-____yan  | ____      ,You acting,animate_intransitive,-,Someone acting,NONEmîcisoVAIprs2SG,imp,-,Imperative,NONE,-,,,,NONE,mahkikway preverb,no preverb,2SG,kiya,You,prs,-,present,mîciso,_mîciso_,preverb_verb_concept,mîcisoVAI,mîciso,eat,VAI
-,,VAI2SGNONE,ki____n     | ê-____yan  | ____      ,You acting,animate_intransitive,-,Someone acting,NONEmêtawêVAIprs2SG,imp,-,Imperative,NONE,-,,,,NONE,mahkikway preverb,no preverb,2SG,kiya,You,prs,-,present,mêtawê,_mêtawê_,preverb_verb_concept,mêtawêVAI,mêtawê,play,VAI
-,,VAI2SGNONE,ki____n     | ê-____yan  | ____      ,You acting,animate_intransitive,-,Someone acting,NONEkwayaskwâtisiVAIprs2SG,imp,-,Imperative,NONE,-,,,,NONE,mahkikway preverb,no preverb,2SG,kiya,You,prs,-,present,kwayaskwâtisi,_kwayaskwâtisi_,preverb_verb_concept,kwayaskwâtisiVAI,kwayaskwâtisi,be honest,VAI
-,,VAI2SGNONE,ki____n     | ê-____yan  | ____      ,You acting,animate_intransitive,-,Someone acting,NONEitohteVAIprs2SG,imp,-,Imperative,NONE,-,,,,NONE,mahkikway preverb,no preverb,2SG,kiya,You,prs,-,present,itohte,_itohte_,preverb_verb_concept,itohteVAI,itohte,go,VAI
-,,VAI2SGNONE,ki____n     | ê-____yan  | ____      ,You acting,animate_intransitive,-,Someone acting,NONEapiVAIprs2SG,imp,-,Imperative,NONE,-,,,,NONE,mahkikway preverb,no preverb,2SG,kiya,You,prs,-,present,api,_api_,preverb_verb_concept,apiVAI,api,sit,VAI
-,,VAI2SGNONE,ki____n     | ê-____yan  | ____      ,You acting,animate_intransitive,-,Someone acting,conj_prefprsNONEwâpiVAI2SG,conj,-,Conjunct,NONE,-,,,,NONE,mahkikway preverb,no preverb,2SG,kiya,You,prs,-,present,ê-wâpiyan,ê-__wâpi_yan,concept_spelling_verb_concept,wâpiVAI,wâpi,see,VAI
-,,VAI2SGNONE,ki____n     | ê-____yan  | ____      ,You acting,animate_intransitive,-,Someone acting,conj_prefprsNONEwaniskaVAI2SG,conj,-,Conjunct,NONE,-,,,,NONE,mahkikway preverb,no preverb,2SG,kiya,You,prs,-,present,ê-waniskayan,ê-__waniska_yan,concept_spelling_verb_concept,waniskaVAI,waniska,wake up,VAI
-,,VAI2SGNONE,ki____n     | ê-____yan  | ____      ,You acting,animate_intransitive,-,Someone acting,conj_prefprsNONEtapasiVAI2SG,conj,-,Conjunct,NONE,-,,,,NONE,mahkikway preverb,no preverb,2SG,kiya,You,prs,-,present,ê-tapasiyan,ê-__tapasi_yan,concept_spelling_verb_concept,tapasiVAI,tapasi,run away,VAI
-,,VAI2SGNONE,ki____n     | ê-____yan  | ____      ,You acting,animate_intransitive,-,Someone acting,conj_prefprsNONEpimipahtaVAI2SG,conj,-,Conjunct,NONE,-,,,,NONE,mahkikway preverb,no preverb,2SG,kiya,You,prs,-,present,ê-pimipahtayan,ê-__pimipahta_yan,concept_spelling_verb_concept,pimipahtaVAI,pimipahta,run,VAI
-,,VAI2SGNONE,ki____n     | ê-____yan  | ____      ,You acting,animate_intransitive,-,Someone acting,conj_prefprsNONEnipaVAI2SG,conj,-,Conjunct,NONE,-,,,,NONE,mahkikway preverb,no preverb,2SG,kiya,You,prs,-,present,ê-nipayan,ê-__nipa_yan,concept_spelling_verb_concept,nipaVAI,nipa,sleep,VAI
-,,VAI2SGNONE,ki____n     | ê-____yan  | ____      ,You acting,animate_intransitive,-,Someone acting,conj_prefprsNONEnipawiVAI2SG,conj,-,Conjunct,NONE,-,,,,NONE,mahkikway preverb,no preverb,2SG,kiya,You,prs,-,present,ê-nipawiyan,ê-__nipawi_yan,concept_spelling_verb_concept,nipawiVAI,nipawi,stand,VAI
-,,VAI2SGNONE,ki____n     | ê-____yan  | ____      ,You acting,animate_intransitive,-,Someone acting,conj_prefprsNONEnanâskomoVAI2SG,conj,-,Conjunct,NONE,-,,,,NONE,mahkikway preverb,no preverb,2SG,kiya,You,prs,-,present,ê-nanâskomoyan,ê-__nanâskomo_yan,concept_spelling_verb_concept,nanâskomoVAI,nanâskomo,be grateful,VAI
-,,VAI2SGNONE,ki____n     | ê-____yan  | ____      ,You acting,animate_intransitive,-,Someone acting,conj_prefprsNONEmîcisoVAI2SG,conj,-,Conjunct,NONE,-,,,,NONE,mahkikway preverb,no preverb,2SG,kiya,You,prs,-,present,ê-mîcisoyan,ê-__mîciso_yan,concept_spelling_verb_concept,mîcisoVAI,mîciso,eat,VAI
-,,VAI2SGNONE,ki____n     | ê-____yan  | ____      ,You acting,animate_intransitive,-,Someone acting,conj_prefprsNONEmêtawêVAI2SG,conj,-,Conjunct,NONE,-,,,,NONE,mahkikway preverb,no preverb,2SG,kiya,You,prs,-,present,ê-mêtawêyan,ê-__mêtawê_yan,concept_spelling_verb_concept,mêtawêVAI,mêtawê,play,VAI
-,,VAI2SGNONE,ki____n     | ê-____yan  | ____      ,You acting,animate_intransitive,-,Someone acting,conj_prefprsNONEkwayaskwâtisiVAI2SG,conj,-,Conjunct,NONE,-,,,,NONE,mahkikway preverb,no preverb,2SG,kiya,You,prs,-,present,ê-kwayaskwâtisiyan,ê-__kwayaskwâtisi_yan,concept_spelling_verb_concept,kwayaskwâtisiVAI,kwayaskwâtisi,be honest,VAI
-,,VAI2SGNONE,ki____n     | ê-____yan  | ____      ,You acting,animate_intransitive,-,Someone acting,conj_prefprsNONEitohteVAI2SG,conj,-,Conjunct,NONE,-,,,,NONE,mahkikway preverb,no preverb,2SG,kiya,You,prs,-,present,ê-itohteyan,ê-__itohte_yan,concept_spelling_verb_concept,itohteVAI,itohte,go,VAI
-,,VAI2SGNONE,ki____n     | ê-____yan  | ____      ,You acting,animate_intransitive,-,Someone acting,conj_prefprsNONEapiVAI2SG,conj,-,Conjunct,NONE,-,,,,NONE,mahkikway preverb,no preverb,2SG,kiya,You,prs,-,present,ê-apiyan,ê-__api_yan,concept_spelling_verb_concept,apiVAI,api,sit,VAI
-,,VAI1SGNONE,ni____n     | ê-____yân ,I acting,animate_intransitive,-,Someone acting,prsNONEwâpiVAI1SG,ind,-,Independent,NONE,-,,,1,NONE,mahkikway preverb,no preverb,1SG,niya,I,prs,-,present,niwâpin,ni__wâpi_n,concept_spelling_verb_concept,wâpiVAI,wâpi,see,VAI
-,,VAI1SGNONE,ni____n     | ê-____yân ,I acting,animate_intransitive,-,Someone acting,prsNONEwaniskaVAI1SG,ind,-,Independent,NONE,-,,,1,NONE,mahkikway preverb,no preverb,1SG,niya,I,prs,-,present,niwaniskan,ni__waniska_n,concept_spelling_verb_concept,waniskaVAI,waniska,wake up,VAI
-,,VAI1SGNONE,ni____n     | ê-____yân ,I acting,animate_intransitive,-,Someone acting,prsNONEtapasiVAI1SG,ind,-,Independent,NONE,-,,,1,NONE,mahkikway preverb,no preverb,1SG,niya,I,prs,-,present,nitapasin,ni__tapasi_n,concept_spelling_verb_concept,tapasiVAI,tapasi,run away,VAI
-,,VAI1SGNONE,ni____n     | ê-____yân ,I acting,animate_intransitive,-,Someone acting,prsNONEpimipahtaVAI1SG,ind,-,Independent,NONE,-,,,1,NONE,mahkikway preverb,no preverb,1SG,niya,I,prs,-,present,nipimipahtan,ni__pimipahta_n,concept_spelling_verb_concept,pimipahtaVAI,pimipahta,run,VAI
-,,VAI1SGNONE,ni____n     | ê-____yân ,I acting,animate_intransitive,-,Someone acting,prsNONEnipaVAI1SG,ind,-,Independent,NONE,-,,,1,NONE,mahkikway preverb,no preverb,1SG,niya,I,prs,-,present,ninipan,ni__nipa_n,concept_spelling_verb_concept,nipaVAI,nipa,sleep,VAI
-,,VAI1SGNONE,ni____n     | ê-____yân ,I acting,animate_intransitive,-,Someone acting,prsNONEnipawiVAI1SG,ind,-,Independent,NONE,-,,,1,NONE,mahkikway preverb,no preverb,1SG,niya,I,prs,-,present,ninipawin,ni__nipawi_n,concept_spelling_verb_concept,nipawiVAI,nipawi,stand,VAI
-,,VAI1SGNONE,ni____n     | ê-____yân ,I acting,animate_intransitive,-,Someone acting,prsNONEnanâskomoVAI1SG,ind,-,Independent,NONE,-,,,1,NONE,mahkikway preverb,no preverb,1SG,niya,I,prs,-,present,ninanâskomon,ni__nanâskomo_n,concept_spelling_verb_concept,nanâskomoVAI,nanâskomo,be grateful,VAI
-,,VAI1SGNONE,ni____n     | ê-____yân ,I acting,animate_intransitive,-,Someone acting,prsNONEmîcisoVAI1SG,ind,-,Independent,NONE,-,,,1,NONE,mahkikway preverb,no preverb,1SG,niya,I,prs,-,present,nimîcison,ni__mîciso_n,concept_spelling_verb_concept,mîcisoVAI,mîciso,eat,VAI
-,,VAI1SGNONE,ni____n     | ê-____yân ,I acting,animate_intransitive,-,Someone acting,prsNONEmêtawêVAI1SG,ind,-,Independent,NONE,-,,,1,NONE,mahkikway preverb,no preverb,1SG,niya,I,prs,-,present,nimêtawân,ni__mêtawâ_n,concept_spelling_verb_concept,mêtawêVAI,mêtawê,play,VAI
-,,VAI1SGNONE,ni____n     | ê-____yân ,I acting,animate_intransitive,-,Someone acting,prsNONEkwayaskwâtisiVAI1SG,ind,-,Independent,NONE,-,,,1,NONE,mahkikway preverb,no preverb,1SG,niya,I,prs,-,present,nikwayaskwâtisin,ni__kwayaskwâtisi_n,concept_spelling_verb_concept,kwayaskwâtisiVAI,kwayaskwâtisi,be honest,VAI
-,,VAI1SGNONE,ni____n     | ê-____yân ,I acting,animate_intransitive,-,Someone acting,prsNONEitohteVAI1SG,ind,-,Independent,NONE,-,,,1,NONE,mahkikway preverb,no preverb,1SG,niya,I,prs,-,present,nititohten,ni_t_itohte_n,concept_spelling_verb_concept,itohteVAI,itohte,go,VAI
-,,VAI1SGNONE,ni____n     | ê-____yân ,I acting,animate_intransitive,-,Someone acting,prsNONEapiVAI1SG,ind,-,Independent,NONE,-,,,1,NONE,mahkikway preverb,no preverb,1SG,niya,I,prs,-,present,nitapin,ni_t_api_n,concept_spelling_verb_concept,apiVAI,api,sit,VAI
-,,VAI1SGNONE,ni____n     | ê-____yân ,I acting,animate_intransitive,-,Someone acting,conj_prefprsNONEwâpiVAI1SG,conj,-,Conjunct,NONE,-,,,,NONE,mahkikway preverb,no preverb,1SG,niya,I,prs,-,present,ê-wâpiyân,ê-__wâpi_yân,concept_spelling_verb_concept,wâpiVAI,wâpi,see,VAI
-,,VAI1SGNONE,ni____n     | ê-____yân ,I acting,animate_intransitive,-,Someone acting,conj_prefprsNONEwaniskaVAI1SG,conj,-,Conjunct,NONE,-,,,,NONE,mahkikway preverb,no preverb,1SG,niya,I,prs,-,present,ê-waniskayân,ê-__waniska_yân,concept_spelling_verb_concept,waniskaVAI,waniska,wake up,VAI
-,,VAI1SGNONE,ni____n     | ê-____yân ,I acting,animate_intransitive,-,Someone acting,conj_prefprsNONEtapasiVAI1SG,conj,-,Conjunct,NONE,-,,,,NONE,mahkikway preverb,no preverb,1SG,niya,I,prs,-,present,ê-tapasiyân,ê-__tapasi_yân,concept_spelling_verb_concept,tapasiVAI,tapasi,run away,VAI
-,,VAI1SGNONE,ni____n     | ê-____yân ,I acting,animate_intransitive,-,Someone acting,conj_prefprsNONEpimipahtaVAI1SG,conj,-,Conjunct,NONE,-,,,,NONE,mahkikway preverb,no preverb,1SG,niya,I,prs,-,present,ê-pimipahtayân,ê-__pimipahta_yân,concept_spelling_verb_concept,pimipahtaVAI,pimipahta,run,VAI
-,,VAI1SGNONE,ni____n     | ê-____yân ,I acting,animate_intransitive,-,Someone acting,conj_prefprsNONEnipaVAI1SG,conj,-,Conjunct,NONE,-,,,,NONE,mahkikway preverb,no preverb,1SG,niya,I,prs,-,present,ê-nipayân,ê-__nipa_yân,concept_spelling_verb_concept,nipaVAI,nipa,sleep,VAI
-,,VAI1SGNONE,ni____n     | ê-____yân ,I acting,animate_intransitive,-,Someone acting,conj_prefprsNONEnipawiVAI1SG,conj,-,Conjunct,NONE,-,,,,NONE,mahkikway preverb,no preverb,1SG,niya,I,prs,-,present,ê-nipawiyân,ê-__nipawi_yân,concept_spelling_verb_concept,nipawiVAI,nipawi,stand,VAI
-,,VAI1SGNONE,ni____n     | ê-____yân ,I acting,animate_intransitive,-,Someone acting,conj_prefprsNONEnanâskomoVAI1SG,conj,-,Conjunct,NONE,-,,,,NONE,mahkikway preverb,no preverb,1SG,niya,I,prs,-,present,ê-nanâskomoyân,ê-__nanâskomo_yân,concept_spelling_verb_concept,nanâskomoVAI,nanâskomo,be grateful,VAI
-,,VAI1SGNONE,ni____n     | ê-____yân ,I acting,animate_intransitive,-,Someone acting,conj_prefprsNONEmîcisoVAI1SG,conj,-,Conjunct,NONE,-,,,,NONE,mahkikway preverb,no preverb,1SG,niya,I,prs,-,present,ê-mîcisoyân,ê-__mîciso_yân,concept_spelling_verb_concept,mîcisoVAI,mîciso,eat,VAI
-,,VAI1SGNONE,ni____n     | ê-____yân ,I acting,animate_intransitive,-,Someone acting,conj_prefprsNONEmêtawêVAI1SG,conj,-,Conjunct,NONE,-,,,,NONE,mahkikway preverb,no preverb,1SG,niya,I,prs,-,present,ê-mêtawêyân,ê-__mêtawê_yân,concept_spelling_verb_concept,mêtawêVAI,mêtawê,play,VAI
-,,VAI1SGNONE,ni____n     | ê-____yân ,I acting,animate_intransitive,-,Someone acting,conj_prefprsNONEkwayaskwâtisiVAI1SG,conj,-,Conjunct,NONE,-,,,,NONE,mahkikway preverb,no preverb,1SG,niya,I,prs,-,present,ê-kwayaskwâtisiyân,ê-__kwayaskwâtisi_yân,concept_spelling_verb_concept,kwayaskwâtisiVAI,kwayaskwâtisi,be honest,VAI
-,,VAI1SGNONE,ni____n     | ê-____yân ,I acting,animate_intransitive,-,Someone acting,conj_prefprsNONEitohteVAI1SG,conj,-,Conjunct,NONE,-,,,,NONE,mahkikway preverb,no preverb,1SG,niya,I,prs,-,present,ê-itohteyân,ê-__itohte_yân,concept_spelling_verb_concept,itohteVAI,itohte,go,VAI
-,,VAI1SGNONE,ni____n     | ê-____yân ,I acting,animate_intransitive,-,Someone acting,conj_prefprsNONEapiVAI1SG,conj,-,Conjunct,NONE,-,,,,NONE,mahkikway preverb,no preverb,1SG,niya,I,prs,-,present,ê-apiyân,ê-__api_yân,concept_spelling_verb_concept,apiVAI,api,sit,VAI
-,,VAIVAIT3'NI3sg,____yiwa    | ê-____yit ,4th Person acting on It (inanimate),transitive_inanimate,-,Someone acting on something,prsNONEmîciVAIT-3',ind,-,Independent,NI3sg,ôma,It (inanimate),,3,NONE,mahkikway preverb,no preverb,3',John okosisa,4th Person,prs,-,present,mîciyiwa,__mîci_yiwa,concept_spelling_verb_concept,mîciVAIT,mîci,eatit,VAIT
-,,VAIVAIT3'NI3sg,____yiwa    | ê-____yit ,4th Person acting on It (inanimate),transitive_inanimate,-,Someone acting on something,conj_prefprsNONEmîciVAIT-3',conj,-,Conjunct,NI3sg,ôma,It (inanimate),,,NONE,mahkikway preverb,no preverb,3',John okosisa,4th Person,prs,-,present,ê-mîciyit,ê-__mîci_yit,concept_spelling_verb_concept,mîciVAIT,mîci,eatit,VAIT
-,,VAIVAIT3PLNI3sg,____wak     | ê-____cik ,Plural She/He acting on It (inanimate),transitive_inanimate,-,Someone acting on something,prsNONEmîciVAIT-3PL,ind,-,Independent,NI3sg,ôma,It (inanimate),,3,NONE,mahkikway preverb,no preverb,3PL,wiyawâw,Plural She/He,prs,-,present,mîciwak,__mîci_wak,concept_spelling_verb_concept,mîciVAIT,mîci,eatit,VAIT
-,,VAIVAIT3PLNI3sg,____wak     | ê-____cik ,Plural She/He acting on It (inanimate),transitive_inanimate,-,Someone acting on something,conj_prefprsNONEmîciVAIT-3PL,conj,-,Conjunct,NI3sg,ôma,It (inanimate),,,NONE,mahkikway preverb,no preverb,3PL,wiyawâw,Plural She/He,prs,-,present,ê-mîcicik,ê-__mîci_cik,concept_spelling_verb_concept,mîciVAIT,mîci,eatit,VAIT
-,,VAIVAIT2PLNI3sg,ki____nâwâw | ê-____yek  | ____k     ,Plural You acting on It (inanimate),transitive_inanimate,-,Someone acting on something,prsNONEmîciVAIT-2PL,ind,-,Independent,NI3sg,ôma,It (inanimate),,2,NONE,mahkikway preverb,no preverb,2PL,kiyanâwâw,Plural You,prs,-,present,kimîcinâwâw,ki__mîci_nâwâw,concept_spelling_verb_concept,mîciVAIT,mîci,eatit,VAIT
-,,VAIVAIT2PLNI3sg,ki____nâwâw | ê-____yek  | ____k     ,Plural You acting on It (inanimate),transitive_inanimate,-,Someone acting on something,NONEmîciVAIT-prs2PL,imp,-,Imperative,NI3sg,ôma,It (inanimate),,,NONE,mahkikway preverb,no preverb,2PL,kiyanâwâw,Plural You,prs,-,present,mîcik,_mîci_k,preverb_verb_concept,mîciVAIT,mîci,eatit,VAIT
-,,VAIVAIT2PLNI3sg,ki____nâwâw | ê-____yek  | ____k     ,Plural You acting on It (inanimate),transitive_inanimate,-,Someone acting on something,conj_prefprsNONEmîciVAIT-2PL,conj,-,Conjunct,NI3sg,ôma,It (inanimate),,,NONE,mahkikway preverb,no preverb,2PL,kiyanâwâw,Plural You,prs,-,present,ê-mîciyek,ê-__mîci_yek,concept_spelling_verb_concept,mîciVAIT,mîci,eatit,VAIT
-,,VAIVAIT2INI3sg,ki____naw   | ê-____yahk | ____tân   ,Inclusive You & I (plural/singular) acting on It (inanimate),transitive_inanimate,-,Someone acting on something,prsNONEmîciVAIT-2I,ind,-,Independent,NI3sg,ôma,It (inanimate),,2,NONE,mahkikway preverb,no preverb,2I,kiyanaw,Inclusive You & I (plural/singular),prs,-,present,kimîcinaw,ki__mîci_naw,concept_spelling_verb_concept,mîciVAIT,mîci,eatit,VAIT
-,,VAIVAIT2INI3sg,ki____naw   | ê-____yahk | ____tân   ,Inclusive You & I (plural/singular) acting on It (inanimate),transitive_inanimate,-,Someone acting on something,NONEmîciVAIT-prs2I,imp,-,Imperative,NI3sg,ôma,It (inanimate),,,NONE,mahkikway preverb,no preverb,2I,kiyanaw,Inclusive You & I (plural/singular),prs,-,present,mîcitân,_mîci_tân,preverb_verb_concept,mîciVAIT,mîci,eatit,VAIT
-,,VAIVAIT2INI3sg,ki____naw   | ê-____yahk | ____tân   ,Inclusive You & I (plural/singular) acting on It (inanimate),transitive_inanimate,-,Someone acting on something,conj_prefprsNONEmîciVAIT-2I,conj,-,Conjunct,NI3sg,ôma,It (inanimate),,,NONE,mahkikway preverb,no preverb,2I,kiyanaw,Inclusive You & I (plural/singular),prs,-,present,ê-mîciyahk,ê-__mîci_yahk,concept_spelling_verb_concept,mîciVAIT,mîci,eatit,VAIT
-,,VAIVAIT1PLNI3sg,ni____nân   | ê-____yâhk,Plural I acting on It (inanimate),transitive_inanimate,-,Someone acting on something,prsNONEmîciVAIT-1PL,ind,-,Independent,NI3sg,ôma,It (inanimate),,1,NONE,mahkikway preverb,no preverb,1PL,niyanân,Plural I,prs,-,present,nimîcinân,ni__mîci_nân,concept_spelling_verb_concept,mîciVAIT,mîci,eatit,VAIT
-,,VAIVAIT1PLNI3sg,ni____nân   | ê-____yâhk,Plural I acting on It (inanimate),transitive_inanimate,-,Someone acting on something,conj_prefprsNONEmîciVAIT-1PL,conj,-,Conjunct,NI3sg,ôma,It (inanimate),,,NONE,mahkikway preverb,no preverb,1PL,niyanân,Plural I,prs,-,present,ê-mîciyâhk,ê-__mîci_yâhk,concept_spelling_verb_concept,mîciVAIT,mîci,eatit,VAIT
-,,VAIVAIT3SGNI3sg,____w       | ê-____t   ,S/he acting on It (inanimate),transitive_inanimate,-,Someone acting on something,prsNONEmîciVAIT-3SG,ind,-,Independent,NI3sg,ôma,It (inanimate),,3,NONE,mahkikway preverb,no preverb,3SG,wiya,S/he,prs,-,present,mîciw,__mîci_w,concept_spelling_verb_concept,mîciVAIT,mîci,eatit,VAIT
-,,VAIVAIT3SGNI3sg,____w       | ê-____t   ,S/he acting on It (inanimate),transitive_inanimate,-,Someone acting on something,conj_prefprsNONEmîciVAIT-3SG,conj,-,Conjunct,NI3sg,ôma,It (inanimate),,,NONE,mahkikway preverb,no preverb,3SG,wiya,S/he,prs,-,present,ê-mîcit,ê-__mîci_t,concept_spelling_verb_concept,mîciVAIT,mîci,eatit,VAIT
-,,VAIVAIT2SGNI3sg,ki____n     | ê-____yan  | ____      ,You acting on It (inanimate),transitive_inanimate,-,Someone acting on something,prsNONEmîciVAIT-2SG,ind,-,Independent,NI3sg,ôma,It (inanimate),,2,NONE,mahkikway preverb,no preverb,2SG,kiya,You,prs,-,present,kimîcin,ki__mîci_n,concept_spelling_verb_concept,mîciVAIT,mîci,eatit,VAIT
-,,VAIVAIT2SGNI3sg,ki____n     | ê-____yan  | ____      ,You acting on It (inanimate),transitive_inanimate,-,Someone acting on something,NONEmîciVAIT-prs2SG,imp,-,Imperative,NI3sg,ôma,It (inanimate),,,NONE,mahkikway preverb,no preverb,2SG,kiya,You,prs,-,present,mîci,_mîci_,preverb_verb_concept,mîciVAIT,mîci,eatit,VAIT
-,,VAIVAIT2SGNI3sg,ki____n     | ê-____yan  | ____      ,You acting on It (inanimate),transitive_inanimate,-,Someone acting on something,conj_prefprsNONEmîciVAIT-2SG,conj,-,Conjunct,NI3sg,ôma,It (inanimate),,,NONE,mahkikway preverb,no preverb,2SG,kiya,You,prs,-,present,ê-mîciyan,ê-__mîci_yan,concept_spelling_verb_concept,mîciVAIT,mîci,eatit,VAIT
-,,VAIVAIT1SGNI3sg,ni____n     | ê-____yân ,I acting on It (inanimate),transitive_inanimate,-,Someone acting on something,prsNONEmîciVAIT-1SG,ind,-,Independent,NI3sg,ôma,It (inanimate),,1,NONE,mahkikway preverb,no preverb,1SG,niya,I,prs,-,present,nimîcin,ni__mîci_n,concept_spelling_verb_concept,mîciVAIT,mîci,eatit,VAIT
-,,VAIVAIT1SGNI3sg,ni____n     | ê-____yân ,I acting on It (inanimate),transitive_inanimate,-,Someone acting on something,conj_prefprsNONEmîciVAIT-1SG,conj,-,Conjunct,NI3sg,ôma,It (inanimate),,,NONE,mahkikway preverb,no preverb,1SG,niya,I,prs,-,present,ê-mîciyân,ê-__mîci_yân,concept_spelling_verb_concept,mîciVAIT,mîci,eatit,VAIT
-,,VAI3'NI3sg,____yiwa    | ê-____yit ,4th Person acting on It (inanimate),animate_intransitive,-,Someone acting,prsNONEcâhkastâVAIT3',ind,-,Independent,NI3sg,ôma,It (inanimate),,3,NONE,mahkikway preverb,no preverb,3',John okosisa,4th Person,prs,-,present,câhkastâyiwa,__câhkastâ_yiwa,concept_spelling_verb_concept,câhkastâVAIT,câhkastâ,put it in a high pile,VAIT
-,,VAI3'NI3sg,____yiwa    | ê-____yit ,4th Person acting on It (inanimate),animate_intransitive,-,Someone acting,prsNONEatawêVAIT3',ind,-,Independent,NI3sg,ôma,It (inanimate),,3,NONE,mahkikway preverb,no preverb,3',John okosisa,4th Person,prs,-,present,atawêyiwa,__atawê_yiwa,concept_spelling_verb_concept,atawêVAIT,atawê,buy something,VAIT
-,,VAI3'NI3sg,____yiwa    | ê-____yit ,4th Person acting on It (inanimate),animate_intransitive,-,Someone acting,conj_prefprsNONEcâhkastâVAIT3',conj,-,Conjunct,NI3sg,ôma,It (inanimate),,,NONE,mahkikway preverb,no preverb,3',John okosisa,4th Person,prs,-,present,ê-câhkastâyit,ê-__câhkastâ_yit,concept_spelling_verb_concept,câhkastâVAIT,câhkastâ,put it in a high pile,VAIT
-,,VAI3'NI3sg,____yiwa    | ê-____yit ,4th Person acting on It (inanimate),animate_intransitive,-,Someone acting,conj_prefprsNONEatawêVAIT3',conj,-,Conjunct,NI3sg,ôma,It (inanimate),,,NONE,mahkikway preverb,no preverb,3',John okosisa,4th Person,prs,-,present,ê-atawêyit,ê-__atawê_yit,concept_spelling_verb_concept,atawêVAIT,atawê,buy something,VAIT
-,,VAI3PLNI3sg,____wak     | ê-____cik ,Plural She/He acting on It (inanimate),animate_intransitive,-,Someone acting,prsNONEcâhkastâVAIT3PL,ind,-,Independent,NI3sg,ôma,It (inanimate),,3,NONE,mahkikway preverb,no preverb,3PL,wiyawâw,Plural She/He,prs,-,present,câhkastâwak,__câhkastâ_wak,concept_spelling_verb_concept,câhkastâVAIT,câhkastâ,put it in a high pile,VAIT
-,,VAI3PLNI3sg,____wak     | ê-____cik ,Plural She/He acting on It (inanimate),animate_intransitive,-,Someone acting,prsNONEatawêVAIT3PL,ind,-,Independent,NI3sg,ôma,It (inanimate),,3,NONE,mahkikway preverb,no preverb,3PL,wiyawâw,Plural She/He,prs,-,present,atawêwak,__atawê_wak,concept_spelling_verb_concept,atawêVAIT,atawê,buy something,VAIT
-,,VAI3PLNI3sg,____wak     | ê-____cik ,Plural She/He acting on It (inanimate),animate_intransitive,-,Someone acting,conj_prefprsNONEcâhkastâVAIT3PL,conj,-,Conjunct,NI3sg,ôma,It (inanimate),,,NONE,mahkikway preverb,no preverb,3PL,wiyawâw,Plural She/He,prs,-,present,ê-câhkastâcik,ê-__câhkastâ_cik,concept_spelling_verb_concept,câhkastâVAIT,câhkastâ,put it in a high pile,VAIT
-,,VAI3PLNI3sg,____wak     | ê-____cik ,Plural She/He acting on It (inanimate),animate_intransitive,-,Someone acting,conj_prefprsNONEatawêVAIT3PL,conj,-,Conjunct,NI3sg,ôma,It (inanimate),,,NONE,mahkikway preverb,no preverb,3PL,wiyawâw,Plural She/He,prs,-,present,ê-atawêcik,ê-__atawê_cik,concept_spelling_verb_concept,atawêVAIT,atawê,buy something,VAIT
-,,VAI2PLNI3sg,ki____nâwâw | ê-____yek  | ____k     ,Plural You acting on It (inanimate),animate_intransitive,-,Someone acting,prsNONEcâhkastâVAIT2PL,ind,-,Independent,NI3sg,ôma,It (inanimate),,2,NONE,mahkikway preverb,no preverb,2PL,kiyanâwâw,Plural You,prs,-,present,kicâhkastânâwâw,ki__câhkastâ_nâwâw,concept_spelling_verb_concept,câhkastâVAIT,câhkastâ,put it in a high pile,VAIT
-,,VAI2PLNI3sg,ki____nâwâw | ê-____yek  | ____k     ,Plural You acting on It (inanimate),animate_intransitive,-,Someone acting,prsNONEatawêVAIT2PL,ind,-,Independent,NI3sg,ôma,It (inanimate),,2,NONE,mahkikway preverb,no preverb,2PL,kiyanâwâw,Plural You,prs,-,present,kitatawânâwâw,ki_t_atawâ_nâwâw,concept_spelling_verb_concept,atawêVAIT,atawê,buy something,VAIT
-,,VAI2PLNI3sg,ki____nâwâw | ê-____yek  | ____k     ,Plural You acting on It (inanimate),animate_intransitive,-,Someone acting,NONEcâhkastâVAITprs2PL,imp,-,Imperative,NI3sg,ôma,It (inanimate),,,NONE,mahkikway preverb,no preverb,2PL,kiyanâwâw,Plural You,prs,-,present,câhkastâk,_câhkastâ_k,preverb_verb_concept,câhkastâVAIT,câhkastâ,put it in a high pile,VAIT
-,,VAI2PLNI3sg,ki____nâwâw | ê-____yek  | ____k     ,Plural You acting on It (inanimate),animate_intransitive,-,Someone acting,NONEatawêVAITprs2PL,imp,-,Imperative,NI3sg,ôma,It (inanimate),,,NONE,mahkikway preverb,no preverb,2PL,kiyanâwâw,Plural You,prs,-,present,atawêk,_atawê_k,preverb_verb_concept,atawêVAIT,atawê,buy something,VAIT
-,,VAI2PLNI3sg,ki____nâwâw | ê-____yek  | ____k     ,Plural You acting on It (inanimate),animate_intransitive,-,Someone acting,conj_prefprsNONEcâhkastâVAIT2PL,conj,-,Conjunct,NI3sg,ôma,It (inanimate),,,NONE,mahkikway preverb,no preverb,2PL,kiyanâwâw,Plural You,prs,-,present,ê-câhkastâyek,ê-__câhkastâ_yek,concept_spelling_verb_concept,câhkastâVAIT,câhkastâ,put it in a high pile,VAIT
-,,VAI2PLNI3sg,ki____nâwâw | ê-____yek  | ____k     ,Plural You acting on It (inanimate),animate_intransitive,-,Someone acting,conj_prefprsNONEatawêVAIT2PL,conj,-,Conjunct,NI3sg,ôma,It (inanimate),,,NONE,mahkikway preverb,no preverb,2PL,kiyanâwâw,Plural You,prs,-,present,ê-atawêyek,ê-__atawê_yek,concept_spelling_verb_concept,atawêVAIT,atawê,buy something,VAIT
-,,VAI2INI3sg,ki____naw   | ê-____yahk | ____tân   ,Inclusive You & I (plural/singular) acting on It (inanimate),animate_intransitive,-,Someone acting,prsNONEcâhkastâVAIT2I,ind,-,Independent,NI3sg,ôma,It (inanimate),,2,NONE,mahkikway preverb,no preverb,2I,kiyanaw,Inclusive You & I (plural/singular),prs,-,present,kicâhkastânaw,ki__câhkastâ_naw,concept_spelling_verb_concept,câhkastâVAIT,câhkastâ,put it in a high pile,VAIT
-,,VAI2INI3sg,ki____naw   | ê-____yahk | ____tân   ,Inclusive You & I (plural/singular) acting on It (inanimate),animate_intransitive,-,Someone acting,prsNONEatawêVAIT2I,ind,-,Independent,NI3sg,ôma,It (inanimate),,2,NONE,mahkikway preverb,no preverb,2I,kiyanaw,Inclusive You & I (plural/singular),prs,-,present,kitatawânaw,ki_t_atawâ_naw,concept_spelling_verb_concept,atawêVAIT,atawê,buy something,VAIT
-,,VAI2INI3sg,ki____naw   | ê-____yahk | ____tân   ,Inclusive You & I (plural/singular) acting on It (inanimate),animate_intransitive,-,Someone acting,NONEcâhkastâVAITprs2I,imp,-,Imperative,NI3sg,ôma,It (inanimate),,,NONE,mahkikway preverb,no preverb,2I,kiyanaw,Inclusive You & I (plural/singular),prs,-,present,câhkastâtân,_câhkastâ_tân,preverb_verb_concept,câhkastâVAIT,câhkastâ,put it in a high pile,VAIT
-,,VAI2INI3sg,ki____naw   | ê-____yahk | ____tân   ,Inclusive You & I (plural/singular) acting on It (inanimate),animate_intransitive,-,Someone acting,NONEatawêVAITprs2I,imp,-,Imperative,NI3sg,ôma,It (inanimate),,,NONE,mahkikway preverb,no preverb,2I,kiyanaw,Inclusive You & I (plural/singular),prs,-,present,atawêtân,_atawê_tân,preverb_verb_concept,atawêVAIT,atawê,buy something,VAIT
-,,VAI2INI3sg,ki____naw   | ê-____yahk | ____tân   ,Inclusive You & I (plural/singular) acting on It (inanimate),animate_intransitive,-,Someone acting,conj_prefprsNONEcâhkastâVAIT2I,conj,-,Conjunct,NI3sg,ôma,It (inanimate),,,NONE,mahkikway preverb,no preverb,2I,kiyanaw,Inclusive You & I (plural/singular),prs,-,present,ê-câhkastâyahk,ê-__câhkastâ_yahk,concept_spelling_verb_concept,câhkastâVAIT,câhkastâ,put it in a high pile,VAIT
-,,VAI2INI3sg,ki____naw   | ê-____yahk | ____tân   ,Inclusive You & I (plural/singular) acting on It (inanimate),animate_intransitive,-,Someone acting,conj_prefprsNONEatawêVAIT2I,conj,-,Conjunct,NI3sg,ôma,It (inanimate),,,NONE,mahkikway preverb,no preverb,2I,kiyanaw,Inclusive You & I (plural/singular),prs,-,present,ê-atawêyahk,ê-__atawê_yahk,concept_spelling_verb_concept,atawêVAIT,atawê,buy something,VAIT
-,,VAI1PLNI3sg,ni____nân   | ê-____yâhk,Plural I acting on It (inanimate),animate_intransitive,-,Someone acting,prsNONEcâhkastâVAIT1PL,ind,-,Independent,NI3sg,ôma,It (inanimate),,1,NONE,mahkikway preverb,no preverb,1PL,niyanân,Plural I,prs,-,present,nicâhkastânân,ni__câhkastâ_nân,concept_spelling_verb_concept,câhkastâVAIT,câhkastâ,put it in a high pile,VAIT
-,,VAI1PLNI3sg,ni____nân   | ê-____yâhk,Plural I acting on It (inanimate),animate_intransitive,-,Someone acting,prsNONEatawêVAIT1PL,ind,-,Independent,NI3sg,ôma,It (inanimate),,1,NONE,mahkikway preverb,no preverb,1PL,niyanân,Plural I,prs,-,present,nitatawânân,ni_t_atawâ_nân,concept_spelling_verb_concept,atawêVAIT,atawê,buy something,VAIT
-,,VAI1PLNI3sg,ni____nân   | ê-____yâhk,Plural I acting on It (inanimate),animate_intransitive,-,Someone acting,conj_prefprsNONEcâhkastâVAIT1PL,conj,-,Conjunct,NI3sg,ôma,It (inanimate),,,NONE,mahkikway preverb,no preverb,1PL,niyanân,Plural I,prs,-,present,ê-câhkastâyâhk,ê-__câhkastâ_yâhk,concept_spelling_verb_concept,câhkastâVAIT,câhkastâ,put it in a high pile,VAIT
-,,VAI1PLNI3sg,ni____nân   | ê-____yâhk,Plural I acting on It (inanimate),animate_intransitive,-,Someone acting,conj_prefprsNONEatawêVAIT1PL,conj,-,Conjunct,NI3sg,ôma,It (inanimate),,,NONE,mahkikway preverb,no preverb,1PL,niyanân,Plural I,prs,-,present,ê-atawêyâhk,ê-__atawê_yâhk,concept_spelling_verb_concept,atawêVAIT,atawê,buy something,VAIT
-,,VAI3SGNI3sg,____w       | ê-____t   ,S/he acting on It (inanimate),animate_intransitive,-,Someone acting,prsNONEcâhkastâVAIT3SG,ind,-,Independent,NI3sg,ôma,It (inanimate),,3,NONE,mahkikway preverb,no preverb,3SG,wiya,S/he,prs,-,present,câhkastâw,__câhkastâ_w,concept_spelling_verb_concept,câhkastâVAIT,câhkastâ,put it in a high pile,VAIT
-,,VAI3SGNI3sg,____w       | ê-____t   ,S/he acting on It (inanimate),animate_intransitive,-,Someone acting,prsNONEatawêVAIT3SG,ind,-,Independent,NI3sg,ôma,It (inanimate),,3,NONE,mahkikway preverb,no preverb,3SG,wiya,S/he,prs,-,present,atawêw,__atawê_w,concept_spelling_verb_concept,atawêVAIT,atawê,buy something,VAIT
-,,VAI3SGNI3sg,____w       | ê-____t   ,S/he acting on It (inanimate),animate_intransitive,-,Someone acting,conj_prefprsNONEcâhkastâVAIT3SG,conj,-,Conjunct,NI3sg,ôma,It (inanimate),,,NONE,mahkikway preverb,no preverb,3SG,wiya,S/he,prs,-,present,ê-câhkastât,ê-__câhkastâ_t,concept_spelling_verb_concept,câhkastâVAIT,câhkastâ,put it in a high pile,VAIT
-,,VAI3SGNI3sg,____w       | ê-____t   ,S/he acting on It (inanimate),animate_intransitive,-,Someone acting,conj_prefprsNONEatawêVAIT3SG,conj,-,Conjunct,NI3sg,ôma,It (inanimate),,,NONE,mahkikway preverb,no preverb,3SG,wiya,S/he,prs,-,present,ê-atawêt,ê-__atawê_t,concept_spelling_verb_concept,atawêVAIT,atawê,buy something,VAIT
-,,VAI2SGNI3sg,ki____n     | ê-____yan  | ____      ,You acting on It (inanimate),animate_intransitive,-,Someone acting,prsNONEcâhkastâVAIT2SG,ind,-,Independent,NI3sg,ôma,It (inanimate),,2,NONE,mahkikway preverb,no preverb,2SG,kiya,You,prs,-,present,kicâhkastân,ki__câhkastâ_n,concept_spelling_verb_concept,câhkastâVAIT,câhkastâ,put it in a high pile,VAIT
-,,VAI2SGNI3sg,ki____n     | ê-____yan  | ____      ,You acting on It (inanimate),animate_intransitive,-,Someone acting,prsNONEatawêVAIT2SG,ind,-,Independent,NI3sg,ôma,It (inanimate),,2,NONE,mahkikway preverb,no preverb,2SG,kiya,You,prs,-,present,kitatawân,ki_t_atawâ_n,concept_spelling_verb_concept,atawêVAIT,atawê,buy something,VAIT
-,,VAI2SGNI3sg,ki____n     | ê-____yan  | ____      ,You acting on It (inanimate),animate_intransitive,-,Someone acting,NONEcâhkastâVAITprs2SG,imp,-,Imperative,NI3sg,ôma,It (inanimate),,,NONE,mahkikway preverb,no preverb,2SG,kiya,You,prs,-,present,câhkastâ,_câhkastâ_,preverb_verb_concept,câhkastâVAIT,câhkastâ,put it in a high pile,VAIT
-,,VAI2SGNI3sg,ki____n     | ê-____yan  | ____      ,You acting on It (inanimate),animate_intransitive,-,Someone acting,NONEatawêVAITprs2SG,imp,-,Imperative,NI3sg,ôma,It (inanimate),,,NONE,mahkikway preverb,no preverb,2SG,kiya,You,prs,-,present,atawê,_atawê_,preverb_verb_concept,atawêVAIT,atawê,buy something,VAIT
-,,VAI2SGNI3sg,ki____n     | ê-____yan  | ____      ,You acting on It (inanimate),animate_intransitive,-,Someone acting,conj_prefprsNONEcâhkastâVAIT2SG,conj,-,Conjunct,NI3sg,ôma,It (inanimate),,,NONE,mahkikway preverb,no preverb,2SG,kiya,You,prs,-,present,ê-câhkastâyan,ê-__câhkastâ_yan,concept_spelling_verb_concept,câhkastâVAIT,câhkastâ,put it in a high pile,VAIT
-,,VAI2SGNI3sg,ki____n     | ê-____yan  | ____      ,You acting on It (inanimate),animate_intransitive,-,Someone acting,conj_prefprsNONEatawêVAIT2SG,conj,-,Conjunct,NI3sg,ôma,It (inanimate),,,NONE,mahkikway preverb,no preverb,2SG,kiya,You,prs,-,present,ê-atawêyan,ê-__atawê_yan,concept_spelling_verb_concept,atawêVAIT,atawê,buy something,VAIT
-,,VAI1SGNI3sg,ni____n     | ê-____yân ,I acting on It (inanimate),animate_intransitive,-,Someone acting,prsNONEcâhkastâVAIT1SG,ind,-,Independent,NI3sg,ôma,It (inanimate),,1,NONE,mahkikway preverb,no preverb,1SG,niya,I,prs,-,present,nicâhkastân,ni__câhkastâ_n,concept_spelling_verb_concept,câhkastâVAIT,câhkastâ,put it in a high pile,VAIT
-,,VAI1SGNI3sg,ni____n     | ê-____yân ,I acting on It (inanimate),animate_intransitive,-,Someone acting,prsNONEatawêVAIT1SG,ind,-,Independent,NI3sg,ôma,It (inanimate),,1,NONE,mahkikway preverb,no preverb,1SG,niya,I,prs,-,present,nitatawân,ni_t_atawâ_n,concept_spelling_verb_concept,atawêVAIT,atawê,buy something,VAIT
-,,VAI1SGNI3sg,ni____n     | ê-____yân ,I acting on It (inanimate),animate_intransitive,-,Someone acting,conj_prefprsNONEcâhkastâVAIT1SG,conj,-,Conjunct,NI3sg,ôma,It (inanimate),,,NONE,mahkikway preverb,no preverb,1SG,niya,I,prs,-,present,ê-câhkastâyân,ê-__câhkastâ_yân,concept_spelling_verb_concept,câhkastâVAIT,câhkastâ,put it in a high pile,VAIT
-,,VAI1SGNI3sg,ni____n     | ê-____yân ,I acting on It (inanimate),animate_intransitive,-,Someone acting,conj_prefprsNONEatawêVAIT1SG,conj,-,Conjunct,NI3sg,ôma,It (inanimate),,,NONE,mahkikway preverb,no preverb,1SG,niya,I,prs,-,present,ê-atawêyân,ê-__atawê_yân,concept_spelling_verb_concept,atawêVAIT,atawê,buy something,VAIT
